[热点事件]贴吧看见个隔壁的帖子,37057800
[热点事件]原神编剧：切割切割同事,37055560
[不吐不快] [微联动]其实原出了什么事都拐舟是有原因的,37043612
[不吐不快] 说起来大家怎么看喜欢教别人怎么玩游戏的人，黑泥。,37057673
[不吐不快]一下子幻视了，只能说还好没玩,37057489
[不吐不快]克隆人战争,37057135
[不吐不快] 搬运一个大受启发对于游戏理解有帮助的视频,37051375
[不吐不快]好期待枫丹呢！,37051596
[不吐不快]刃的三观还是正啊,37056961
[不吐不快]发生什么事了，睡了一小觉感觉跟不上大家节奏了,37051386
[不吐不快]经典派蒙脸热门视频：游戏里这些话，是说给玩家听的！,37052417
[不吐不快] [含原无关]有些话游戏制作人真的不能说吧,37056689
[不吐不快]现在是，安利时间！,37029951
[不吐不快] 在美术风格上，有原神的替代品吗,37045526
[不吐不快][emo氵]你们的极限是什么？,37051974
[不吐不快] 其实我发现开服就喜欢()的那些玩家貌似大多数要么退坑要么变()黑了,37051144
[不吐不快]原相关氵，来看看ign2分的游戏,37051641
[不吐不快] [发电氵]咱就是喜欢漂亮小姐姐，就是喜欢二次元画风，就是喜欢瑟瑟,37055556
[热点事件]悲报，我们的米卫兵他没了,37048946
[不吐不快]体力上限怎么优化到隔壁去了？,37054288
[不吐不快] 散兵同人文(2)：其人之道,37055184
[不吐不快]本来就不怎么喜欢派蒙,37052627
[热点事件]愚人众席位问题，米游社快吵疯了,37050297
[不吐不快]话说线性剧情其实根本没必要加对话选项吧,37055503
[热点事件]联动下乐不思原,37051935
[不吐不快]奶嘴,37040117
[不吐不快]世人不懂装懂讲些烂道理，我知你劣质难改一身顽疾但还爱你,37055899
[不吐不快]以前的编剧文案到底是什么情况啊,37052358
[不吐不快]在3.3开服以后，我就再也没有在B站up主泛音那里看剧情回顾了,37055673
[不吐不快]一想到温迪和水神大概率是七神里唯一的少男和少女体型了,37054336
[不吐不快]  沙漠不把方尖碑在地图上标出来是真的没脑子,37052340
[不吐不快] 新活动的那个旋舞步摄像头距离就挺好的，之后能不能在其它地方加上啊,37044932
[不吐不快]被米治好了多年的腐癌，这下崆峒了,37051681
[不吐不快]按v键追踪任务打开地图对应位置很难做吗？？能不能学学人家崩铁？,37057818
[不吐不快]圣遗物系统什么时候能学学隔壁,37052689
[不吐不快] 虐粉运营的那个帖子还能找到吗,37058184
[不吐不快][乐子氵]你这cp名字还怪好的嘞,37058218
[不吐不快]里版是真吸引仇恨，有些人急得不行呢,37058211
[不吐不快]米既然这么爱散兵/流浪者，能不能。。。,37058371
[不吐不快] 大伙上次玩原神感觉特别开心是为啥呢,37046398
[不吐不快]很好奇自绿这种说法是怎么发明出来的,37058611
[不吐不快]米是真喜欢到处搞点cp,37058686
[不吐不快]问下，这里是不是不能聊隔壁,37058749
[不吐不快]编辑，好吧，好像是不能聊,37058749
[不吐不快]你米是会恶心人的，成功让我在水神前退了原神，卡芙卡前退了崩铁,37058837
[不吐不快]现在是不是谁把树烧了，人气都暴涨？,37058872
[不吐不快]关于小男孩，发点其他游戏的给大伙看看，林尼不受好评真的是因为小男孩不受喜欢吗,37041418
[热点事件]联动剑斗，抖抖杯直播赛选手脚本级操作,37058969
[不吐不快]崩铁的新剧情推完了，可以说说感受了。,37058965
[不吐不快][厨放发癫注意]一些出脑后依旧对角色念念不忘的感慨,37055588
[不吐不快]同样的体型和角度，只有草神的眼睛怪怪的,37059234
[不吐不快]一年没有新女限五的决策是怎么过会的？,37059231
[不吐不快][热点事件]哈哈，隔壁版把有关当期up和某人气角色cp相关的贴子都禁了,37059352
[不吐不快]乐死了，yxh看转发和评论骂起来给删了,37059531
[不吐不快]文案很喜欢阿xx吗？,37059696
[不吐不快] 暴论，隔壁某cp参考了我们原神的芭别尔主母,37059706
[不吐不快] 我居然会相信米哈游的编剧,37059570
[不吐不快]“原来你也玩原神”就是个笑话,37045324
[不吐不快]不知道能不能说，隔壁的cp宣发之前就挺狂的,37059707
[不吐不快]问一下 隔壁剧情这次有卖腐吗？,37059739
[不吐不快]关于什么样的小男孩受欢迎问题，有一个有趣(瑟瑟)的视角,37046649
[热点事件] 内涵是吧,37059857
[不吐不快]这是都算是一种神罚……,37059833
[不吐不快] 暴论，隔壁某人气女角色参考了我们原神的芭别尔主母,37059706
[热点事件] 隔壁这次的CP也算是对原神的优化吧,37060008
[不吐不快]某种意义上说，主角待遇也是回旋镖了吧,37060129
[不吐不快] 从商业角度来说，cp确实最好只卖同性的,37060158
[不吐不快]伥鬼心态的我把目光望向了月下和观星,37060154
[不吐不快]隔壁这次卖这对bg只能说早有预料,37060182
[不吐不快] 隔壁看来很需要开里版了,37060242
[不吐不快] 如何面对诋毁,37052451
[热点事件]怎么办，我已经期待我推的cp了,37060308
[热点事件]这广告太离谱了,37060316
[热点事件]乐子水,37060387
[不吐不快]对隔壁的黑泥,37060431
[不吐不快]正因其徒劳,37052277
[不吐不快]玩原神玩的这个定论是否有失偏颇？,37060471
[热点事件] 这也能优化给隔壁吗？,37060595
[不吐不快] 觀Cp黑泥有感水,37060577
[不吐不快]这个版本的夏活做个寂寞，人气蹭蹭往下降,37060681
[不吐不快]米也好其他公司也好，以后的热门手游能不能别做一般向了,37060736
[热点事件]隔壁cp这下回旋镖了，镖我自己,37060657
[不吐不快][热点事件]本以为能看到某cp的乐子，但没想到黑泥更多的却是……,37060921
[不吐不快]突然发现一个问题，所有米家游戏的ml角色加起来有两位数吗？,37060928
[不吐不快]所以喜欢()的是这种类型的嘛…,37060919
[不吐不快] 一觉醒来里版被崩铁占领了,37061075
[热点事件]看隔壁节奏想到一个小故事,37060953
[不吐不快]看把米哈游急得,37061134
[不吐不快]果然，把所有的枫散厨鲨了伤不到一个叶厨,37061145
[不吐不快]这里是原神版，该走的是你们吧?,37061303
[不吐不快] 突然想到一个奇怪的可能性,37061210
[不吐不快]事到如今我反而不希望出跳过剧情了,37061391
[不吐不快] 隔壁版怎么回事啊，我都抽刃了，还禁我言,37061379
[不吐不快]游戏的本质是什么,37061411
[不吐不快]我发现心海风评翻身全靠须弥,37051311
[不吐不快]这是否算是一种神罚……,37059833
[不吐不快]隔壁符玄配音一如既往地令人难绷,37061502
[不吐不快]果然不能给马哈鱼说话，分分钟回旋镖打自己头上,37061528
[不吐不快] 60级纪念&小黑子签名分享,37038236
[不吐不快]你们崩铁没有自己的版吗！,37061594
[不吐不快]隔壁味太重了,37061591
[热点事件] [不吐不快] 来了好多崩铁人，那我来吐吐米这个公司的黑泥,37061615
[不吐不快][热点事件]真佩服自己的先见之明,37061638
[热点事件]海猫不请大伟哥吃饭说不过去啊,37061668
[不吐不快]我不明白,37061690
[不吐不快]神奇的(   )(   )元素,37061708
[不吐不快]给朋友讲冷笑话他说不好笑,37061693
[不吐不快] [暴论氵] 就算隔壁想开，也开不了里茶馆,37061752
[不吐不快]本来还想着崩铁开新版本了要不要把小月卡续一下……,37061866
[不吐不快]里版已经逐渐成为一款蒸蒸日上的开放式游戏了,37061902
[热点事件]不是说隔壁主角待遇很好吗？怎么下降的这么快啊。,37061883
[不吐不快] [原无关氵]天要下雨，娘要嫁人,37061874
[不吐不快]有一说一，米哈游真的看得起里版吗?,37061954
[热点事件]看到有很多新来的朋友，那我就不得不推荐一下里茶的传统了,37062029
[不吐不快]小保底歪七七是什么恶臭烂梗,36935475
[不吐不快]隔壁结晶乐子,37062065
[热点事件] 前几天理查还在抱怨说没什么活,37062074
[不吐不快]你们觉得原里面那几个ml写的很好吗？,37062045
[不吐不快] 有一说一，我要为我批评米哈游工业化而道歉,37062095
[不吐不快]隔壁游戏的乐子,37062146
[热点事件] 这位老哥的攻击性大伙表示十分认可,37062249
[不吐不快]理查哥们认为隔壁主角还会和看板娘锁死吗？,37062294
[不吐不快]预测米哈游下一次爆大雷将会是魈的剧情,37062264
[不吐不快] 越想越觉得mhy是个擅长营销的偶像公司而不是一个游戏公司,37062103
[热点事件]本以为崩铁开服会培养新一批的米卫兵,37062409
[不吐不快][不吐不快]叔叔这是在干什么,37062426
[不吐不快] 隔壁卖cp直接给我戒网瘾了,37062511
[不吐不快]实在是太有趣了,37062539
[不吐不快]感觉这么久了，米的给我感觉能磕的好像就九条一斗迪琴，除这俩之外竟然没一个让人感觉好磕,37062456
[不吐不快]在b站搜索“世界级剧情”，然后……,37062601
[不吐不快]谢谢你，米哈游,37062611
[不吐不快] 突然想在里茶馆说说我的成分,37062702
[不吐不快]逛个淘宝也要和植物抢空气,37062832
[不吐不快] mhy又一次背叛了结晶,37062875
[热点事件]我想知道里版怎么看丹枫丹恒and流浪者散兵的,37063051
[热点事件]这下大家都知道黑丝小男孩了,37063158
[不吐不快] 联动版里一般向手游帖，我觉得,37063238
[不吐不快]立贴为证，从此只抽ml角色,37063504
[热点事件]你们好友列表里不上线的高等级玩家多吗，须弥之前真没有这么高弃坑率吧,37063543
[不吐不快]你游能不能加个索敌机制？,37063526
[不吐不快][散相关]请问一下，游戏角色里的图画是否可以作为讨论角色的事物？,37063642
[不吐不快]不是，隔壁是不是对冰五有什么内部恨啊……,37063851
[不吐不快]马哈鱼真的是会整活的,37063911
[不吐不快]被隔壁大眼手游的泳装皮薄纱了，我要去补充一下媚宅能量！,37063887
[不吐不快]xswl，原来隔壁的更新是这个意思,37063980
[不吐不快]最近沉迷第七史诗，突然有点感叹,37064136
[不吐不快] 就算磕枫散枫，也不能写万叶家道中落以及祖父不敢锻刀的设定吧,37064170
[热点事件] 又有人直球攻击了，怎么这次仙不敢上了？,37064241
[不吐不快] 大家记得把游戏本体快捷方式拿出来,37064439
[不吐不快]其实有没有一种可能，绫人就是绫华,37064480
[不吐不快] 看到点原无关的乐子忍不住想跟大家分享一下,37064514
[不吐不快]求一些nga经典语录,37048733
[不吐不快]继续下那个话题，如米哈游给里茶馆设计个NPC,37049202
[不吐不快]你b热门开屏鬼脸真勾巴难绷，深夜防伤眼一楼放图,37064559
[不吐不快][安利？]你的下一款原神又何必是原神,37048268
[不吐不快]绷不住了星铁这优化,37064709
[不吐不快] 不是，这运气不是这样用啊的？？？,37064825
[不吐不快] 埃洛伊+6命申鹤，寄,37034183
[热点事件]掩耳盗铃？,37064896
[不吐不快]原神是工作，崩坏才是生活,37064983
[不吐不快]看得出米哈游是真想搞虚拟世界的,37064989
[不吐不快]   给我去玩1234 ！！！,37064742
[不吐不快] 建议别在水楼做剧情梦,37065090
[不吐不快] 不是，为什么现在这么多人认为3.3开始的坏事都是大慈树王干的,37034137
[不吐不快]剧情越少，剧情越好？,37065191
[不吐不快]不懂就问,37065248
[不吐不快]来自厨子的怨言，今天是公子的生日但我却开心不起来,37065294
[不吐不快]啊？隔壁演出革新了吗？,37065320
[不吐不快]xswl在柯南吧党争也能看到…恐怖的知名度,37065482
[不吐不快]所以说狗改不了吃()，这就是玩mhy游戏玩家的业报,37065619
[热点事件]给爷整笑了,37065669
[不吐不快]米不会真的有在逛里版吧……,37065741
[热点事件]两边的风男洗白方式有点类似啊,37065901
[热点事件]啊这,37066081
[热点事件]第一次接触米的朋友有点多啊，贴一个2014年的访谈吧,36992969
[热点事件] 隔壁那事好像算是官方又蹭了同人？,37066277
[不吐不快]mhy是知道我只关注但是不玩的吗？,37066675
[不吐不快]这也能优化到隔壁的,37066719
[不吐不快]终究不是一路人罢了,37066817
[不吐不快]感觉原神，启动！是个很好的梗,37066911
[不吐不快] 很不自信，米家游戏cp党真的比ml党多很多么？,37067499
[不吐不快]阿米他真的喜欢在剧情里阴阳怪气,37067497
[不吐不快]话说学会关注手游流水也是从原神开始的,37067997
[不吐不快] 虽然很开心，但是还是想黑泥下贺图,37068107
[不吐不快] 退坑贴(反正15天)帖子也省的删了,37068094
[不吐不快]看到个观点很有意思,37068138
[热点事件]fes的票价出来了(这该打什么tag),37068159
[不吐不快] 旅行者是否也需要一点固定的后援团队？,37068240
[不吐不快]米哈游好喜欢它的工业化呀,37068379
[不吐不快]隔壁又在拐解牛者，我是真的看不下去了…,37068624
[不吐不快]劝退了一名正打算入坑原神的朋友,37069139
[不吐不快]这新类型周边的首图很难不乱想,37069170
[不吐不快]我有一计，可使原神危而复安，幽而复明！！,37069248
[不吐不快] 原来还是能用拼音的啊,37069530
[不吐不快][抛砖引玉]各位车累了么，进来夸夸自己在原神的推吧,37069651
[不吐不快] 隔壁卡芙卡的推广电话还有两个版本的。,37069742
[不吐不快]你们觉得谁是原神最智慧的角色,37070008
[不吐不快]浅谈米哈游游戏设计中的cp和ml(长文),37070069
[不吐不快]我知道大家大概都有一两个这样的但是,37070214
[不吐不快] 是我ptsd了  为什么卡芙卡要叫刃为阿刃呢,37070627
[不吐不快] 真好啊，罗莎莉亚在下半,37070616
[不吐不快]关于我对原神的感情变化：回归初心,37070682
[不吐不快]我对原神越来越回归初心了,37070682
[不吐不快]很好奇真的有人觉得一个立绘就比剧情塑造重要吗,37070881
[不吐不快]提瓦特是一场花神诞祭，已开始尊重、理解、成为赤王,37071208
想问一下，你们是怎么看待米游社那个社区的？[游戏杂谈] [不吐不快],37071367
[不吐不快] 关于隔壁卡芙卡CP节奏，搬运一点知乎众魅力时刻,37071512
[热点事件]联动，为什么知乎xz那么多呢,37071626
[不吐不快] 翻到一篇不同赛道的同行访谈，关于开放世界和过度宣发这两段很有意思,37071600
[热点事件] 编辑zsbdzsbd,37071813
[不吐不快] 我现在看到“宅男自闭宣发”就想笑,37072182
[热点事件]wb那边发生甚么事了,37072202
[热点事件]感觉修女放下半就是为了恶心菈厨,37072267
[不吐不快]理查为什么不受某些人待见,37072329
[不吐不快]散兵是六个版本up了三次是吗？,37072520
[热点事件]这是在干什么？这人谁啊，好像被惦记上了,37073861
[热点事件]凭什么现在国家尊严之事能被这么玩弄？,37074289
[不吐不快]黑泥氵 登月碰瓷真的这么遭人记恨吗,37074267
[不吐不快]感觉你米真的有点阴暗见不得光的感觉,37074384
[不吐不快] 玩了今天开服的某某禁区，感觉自己又被pua了,37074437
[不吐不快]三解总是让我想到那些路人缘很差的流量明星,37074900
[不吐不快]看到另一个帖想玩个梗,36978485
[不吐不快]相册里翻到这张图，现在看还是很感慨人类多样性,37074982
[不吐不快] 散兵同人文(3)：鸟嘴医生与死亡使徒,37075138
[热点事件][不吐不快]我先来一句“玩游不混圈”,37075476
[不吐不快] 嘿嘿嘿胡桃,37075300
[热点事件]既然有结晶进来浑水摸鱼了，那我提一点旧事吧,37075616
[不吐不快] 大月卡五把精5了，4.0会改吗？,37075679
[不吐不快] 我懂了，所以是原神玩家骂人waf是吧,37075826
[不吐不快][黑泥氵]深夜emo之鹿野院凭什么不是5x,37075915
[热点事件]算是个好消息吧,37075894
[不吐不快]绝对是故意的，笑死了,37075949
[不吐不快]发生什么事了？,37076008
[不吐不快]听说官博炸了去围观，结果热评看到这个,37076089
[不吐不快] 突然发现好像埃洛伊和千律的CV沐霏起节奏了,37076137
[不吐不快] 服了，修女还真的在其他池,37076533
[不吐不快]居然有人拿马哈鱼的工业化碰瓷育碧的工业化,37076619
[不吐不快] 震惊！枫丹已大规模应用反物质作为能源！,37076695
[不吐不快]好烦啊！七圣活动直接投降一斗，结果现在…,37076673
[不吐不快]我竟然在合成台遇到了如此离谱的事,37076679
[不吐不快]对与流浪者和散兵的想法,37076760
[不吐不快] 给里茶人的一些小建议,37077125
[不吐不快]隔壁说是太子但感觉和某太子完全相反。,37077464
[不吐不快][热点事件]感觉微博那帮子冲的散解也没那么尊重那段历史，更多像拿这个作为自己搞饭圈的手段。,37077397
[不吐不快]你原到底有多恨代入党和ml党,37077756
[不吐不快]mhy：听说提瓦特大逃杀最后剩了个罗莎莉亚？,37077883
[不吐不快]我悟辽，里版等于原神，都是一滴原则,37077898
[不吐不快]四风太弱了,37078125
[不吐不快]清清活动清清体力突然眼前一黑,37078181
[不吐不快]纪行天赋书能不能改成自选啊,37078228
[不吐不快]镍币人忍不住了暂时卸了,37078485
[不吐不快]有没有一种可能,37078729
[不吐不快]请问下泥潭ios端首页推荐怎么屏蔽某个板块,37078730
[不吐不快]森林会忘记一切,37079015
[不吐不快]除了米家游戏，还有别的游戏玩家把cv当爹供着的吗,37078923
[不吐不快]今天活动试用某一关绷不住了,37079280
[热点事件][氵]骗吃骗喝一波，猜猜ep里会有谁出场,37079263
[热点事件] 官博这事越莱越乐了,37083726
[热点事件]手综版上午黑旗帖不是顶了百楼来着吗,37082197
[热点事件]里茶有律师吗？  关于骂人的问题,37083574
[不吐不快] 本来该发手游综，想了想还是发里茶馆问问大家吧：为啥现在的手游都卡体力不让玩的爽呢？,37083354
[热点事件]怎么感觉一夜之间版本大更了，今年夏活也太肝了吧,37083416
[热点事件]小钰视频评论区炸了,37082048
[不吐不快]这操作是准备装死到底还是晚安我在？,37082544
[不吐不快] 坏了，我现在玩其他游戏看剧情多少都感觉在讽刺太子了,37082634
[不吐不快]纯路人，好奇真的玩原神吗乌贼,37082981
[不吐不快]回归了还给我来个究极大保底……,37083348
[热点事件]原的造梗能力超乎我想象,37081763
[不吐不快]那个我牌哪去了是不更原神实况了吗？,37080303
[不吐不快]散兵厨真的那么多吗,37012541
[不吐不快] 仙区还真把自己当成什么正义之师了,37083764
[不吐不快] 怎么到处都是这坨晦气东西啊。,37084025
[热点事件] 米哈游真的会跨版封禁吗？,37084205
[热点事件]BML节目单初音未来演唱旅行提瓦特,37084769
[不吐不快] 你米的推广真是细，太细了,37084834
[不吐不快]仙的组织化在历史上是有原型的,37084874
[热点事件]夏日游园门票价格是不是有些高？,37085305
[热点事件]未定女玩家知道吗,37085537
[不吐不快]好烦啊怎么池子还不开,37085675
[不吐不快][无聊氵]翻到当初作为散厨时写的东西,37081021
[不吐不快]起承转黑丝小男孩,37086195
[不吐不快] 在萨米也能遇到老熟人,37086211
[不吐不快] 为什么都说玩原神玩的?,37086255
[不吐不快]搬一个隔壁瓜，也算是原神相关,37086165
[不吐不快]我推的角色,37086356
[不吐不快]烂活氵   谭友进来做填空题,37086353
[不吐不快]我也希望mhy制裁角色黑啊，可是,37088374
[热点事件]散兵现在是人气最高的角色,37087498
[不吐不快]厌影丁真，鉴定为忘原生忘德,37087721
[不吐不快] 其实本人觉得应该把那个骂人waf的人封了,37087504
[不吐不快] 屮，隔壁瞄了一眼居然没有人吐槽新活动,37087787
[不吐不快] 为什么从来没见过我们原神的梗呢,37088156
[不吐不快] 话说没人提醒一下4399第二天的第二小关有其他吗？,37088021
[不吐不快] [热点事件] 没有原的命，得了原的病,37087974
[不吐不快]今日份的零提升,37087622
[不吐不快]和裕茶馆里建议改名成瓜事件里,37087869
[不吐不快][热点事件]原友真油墨呢,37087766
[不吐不快]海岛活动最后这段演出是不是有什么大病,37086872
[不吐不快]观隔壁寻宝罗盘，想起了不愉快的事,37088408
[不吐不快]里版真是一个神奇的地方,37088571
[不吐不快] 好奇有没有比圣遗物更恶心的养成系统,37088542
[不吐不快]等绝区零出来后，一切都会好起来的,37088537
[不吐不快]原神这个引新玩家的操作可以列入商学案例了,37088733
[不吐不快]开屏雷击,37088873
[不吐不快] 有个板块相关的问题,37089082
[不吐不快]刷到一个UP被仙逼成米黑开始硬刚,37089094
[不吐不快]退坑了才知道不玩手游竟如此快乐,37089144
[热点事件][乐子]仙和撸又打起来了,37089150
[不吐不快]米哈游进入了午餐肉时代？,37089146
[不吐不快] O神现在越来越像pvz2了,36998695
[热点事件] 今天看b站，那个骂waf的账号已经被封了。。,37089520
[热点事件]说起来至今都想不明白原的粘土人怎么出这么慢,37089555
[不吐不快]联机玩一下活动被外挂恶心死了,37089741
[不吐不快] 作为一个老米游玩家，现在对米的心情就很复杂,37089920
[不吐不快] 这个每日刷新概率真是够了,37090085
[热点事件] [乐子氵]这不是我们原神的梗吗,36999409
[不吐不快]nga app 首页竟然有其他,37090424
[不吐不快]为什么莫娜被动转身要绕一个大圈呢？,37090400
[不吐不快]米哈游是不是跟代入党有仇,37090427
[不吐不快]有人知道树叶在另一边风评为什么那么差,37090487
[不吐不快]每次逛抗吧看到微博截图必有米桑广告,37090527
[不吐不快]还有没有其他综合性手游社区？,37090660
"[热点事件] 忽然感觉""原神启动""这个梗好好笑",37090688
[不吐不快]每次逛抗吧看到微博截图必有米家广告,37090527
[不吐不快] 我来澄清一个谣言：米已经变了，变得痛恨成女，还用高流水自机当垫子或者背景板,37090724
[热点事件] 求教关于中年社恐要不要一个人去fes展,37090734
[不吐不快] 真就万物转开原,37090879
[不吐不快]说一些戳肺管子的话,37091159
[不吐不快] 你好，你是不受原神欢迎的人。Vol.2之角色有自己的生活,37091165
[不吐不快]卡拉彼丘这个游戏前景如何,37091253
[不吐不快]手综版不好说，那就这边谈谈呗,37091253
[不吐不快] 你好，你是不受原神欢迎的人。,37013627
[不吐不快]原来acg区拧一块都打不过原啊,37091362
[热点事件]看这个老哥输出，买量畸形确实不是米一家的事,37091358
[不吐不快]原油啥时候能有这样的攻击性呢,37091434
[不吐不快]mhy做帝君的周边也这么不上心吗？,37091546
[不吐不快]手综都变成这样了吗,37091561
[热点事件]那个贵物呢？,37091747
[不吐不快]攒高命角色是对mhy的顺从吗？,37091893
[热点事件]打牌up还没玩3.3就提前评论剧情了,37092085
[不吐不快] 某up终于要锐评了？,37092100
[不吐不快] 我看隔壁这不是午餐肉，截的时候阴影角度出好截出正棱锥,37092186
[不吐不快]里版主要有怨念的点总结一下,37092220
[不吐不快] 全串味了,37092568
[不吐不快]地狱笑话一则,37092598
[热点事件]原来锐评的节奏这么大吗？,37092606
[不吐不快]从崩3到原神，为什么米厂做不出一个拿得出手的大剑角色,37092629
[不吐不快]剑斗什么时候变成这样了,37092878
[不吐不快]什么游戏都要拐一嘴原是吧,37093288
[热点事件]原来是玩家裹挟mhy爆典的,37093676
[不吐不快]联动一下隔壁午餐肉，来看看mhy的蜂蜜黄油小面包吧,37093543
[不吐不快] 我去 看家乡人的创造力,37093625
[不吐不快] 锐评3.8剧情，来点流量靴靴,37093763
[热点事件]老哥们这何尝不是一种ntr呢,37093794
[热点事件]国外出事了？,37093929
[不吐不快]虽然都说隔壁午餐肉，但是我觉得女角色建模还是好看的,37093949
[不吐不快] [无聊氵]58和42们怎么看待水神在外网论坛上变成了雌小鬼形象呢,37094220
[热点事件] 那个锐评底下评论区群魔乱舞啊,37094477
[不吐不快]崩铁的新地图越看越像渊下宫啊,37094723
[不吐不快]乐，原现在真的很二次元吗？,36982785
[不吐不快]联动一个帖子,37094998
[不吐不快]被NGA鬼图糊脸了,37094980
[不吐不快]对不起，冲错了,37095120
[不吐不快]我真的服了，打个活动还挂机，是不是没手啊？,37095147
[不吐不快] 幼小的心灵受到了一丢丢的震撼,37095259
[热点事件]某位创始人会在4.0和周年庆哭吗？,37095292
[热点事件]韩国原神夏日漫展疑似有人在展会里安了炸弹,37095586
[热点事件]关于命座,37095569
[不吐不快]多数与少数，我当米卫兵的那些年,37095609
[热点事件]去贴吧逛了一圈，有些绷不住,37095997
[不吐不快] 大伙热门里有吗,37096351
[不吐不快]有一说一，都被安排爆爆了米哈游算是取回国籍了吧,37096446
[热点事件]韩国同人展那事没人聊么？,37096528
[热点事件]13号怒艹大伟出奇迹,37096890
[不吐不快]坏了，忘时间了，咋这十几分钟fes的票就没了,37096937
[不吐不快]二次元秦始皇只做游戏真是屈才了,37096769
[不吐不快]原fes的票卡了三四轮直接没抢到,37096957
[不吐不快] 唉 圣遗物背包又满了,37097156
[热点事件] 仙宣布要接管m吧,37097298
[热点事件] 那个UP视频让我想起一句话：你说的事实不重要，你说的观点也不重要，重要你的是立场,37097378
[不吐不快]这么哈人的么，还专门给人做个抬杠合集,37098048
"[不吐不快] 第一次来理查倒黑泥,你米养的驱已经爬的满地都是了",37098310
[热点事件] 单机游戏时长,37098327
[不吐不快]隔壁up版对线看到的，有没有人说一下真假？,37098360
[不吐不快]我发现“你玩原吧”这话也真的有意思？,37098457
[热点事件]仙开始删评论了，又输给撸狗了,37098742
[热点事件]破案了，所怪仙蛆这么护着沐霏,37098983
[数据讨论][强度讨论][不吐不快][游戏杂谈]我这神里ysin怎么才23.9词条，能看下你们30多词条的吗？,37098996
[热点事件] yysy，真点进去看了小床最新锐评，震惊于居然还挺客观的,37099017
[不吐不快]为什么便携零食袋的功能这么少？,37099002
[热点事件]薇姐又要向原神区up发起冲锋了,37099223
[不吐不快] 你的下一个国家又何必是原神枫丹,37099337
[热点事件] 那个UP视频让我想起一句话：你说的事实不重要，你说的观点也不重要，重要的是你的立场,37097378
[不吐不快]一个小瓜，关于人永远不要把话说太早，以及永远不要相信资本家,37099348
[不吐不快]里版的各位镍币人每天游戏时长大概多少,37099379
[不吐不快]里茶的老哥们平时都看哪些up？,37099433
[不吐不快]矿溢出了……,37099399
[不吐不快]求里版推荐好玩的手游,37099459
[不吐不快]B站原神up的粉丝环境属实哈人,37099543
[不吐不快]话说不会真有人信了舔米舔散包分配吧？,37099574
[不吐不快]发现个时间分界线如今的氛围就是以某直播up事件为分割的,37099678
[不吐不快] 乐子氵 今天的锐评UP有上热门吗？,37099726
[不吐不快] 大家好，我是你们口中的结晶,37099799
[不吐不快]希望原版专门给角色建一个版面,37100015
[不吐不快] [破防氵]乐子呢，还没看到就没了,37100257
[不吐不快]大半夜睡不着，斗胆题一首打油诗,37100471
[热点事件]关于某打牌up,37100481
[不吐不快]请问万叶现在有官方猫设吗？,37100663
[不吐不快] 虽然每每吐槽活动4399小游戏合集，但是这次是否敷衍过头了,37100652
[不吐不快]话说理查给晦气玩意跪了是什么说法？,37100692
[不吐不快]看了眼小床评论区,37100861
[热点事件]这视频数据太抽象了，你就说哪家饭圈能整出这数据,37100898
[不吐不快]笑疯了，()解在dy被称作祥林嫂厨,37101278
[不吐不快]一个小活动把其他飞天的低能地方暴露无遗,37101328
[热点事件] 是敌是友分不清,37101268
[热点事件] 某打牌up评论又反转了,37101813
[不吐不快]黑泥发这里没错吧，如果不妥麻烦帮忙锁隐藏,37101873
[不吐不快]假如林尼琳妮特做成同一张卡，我就不会喷了,37101896
[热点事件]感觉这个打牌up完全高估了他粉丝的平均年龄……,37101927
[不吐不快][不吐不快]小玉你说的好啊小玉,37101993
[不吐不快]给你们看看氪金氪到哪了,37102021
[不吐不快]所以什么时候能出个优化上位版能飞的角色呢,37102037
[热点事件] 最近这个up真让我看到了某些原神玩家特有的自卑感,37102052
[不吐不快]这下不得不没有逻辑性了,37102111
[不吐不快]woc  其实评论比里版懂多了,37102097
[不吐不快]什么是“情绪价值”？,37102288
[不吐不快]怎么才能让米相关内容滚出我的B站热门？,37102368
[不吐不快] 看了看小床锐评，又看了几个几千播放量的锐评小床锐评的锐评,37102453
[不吐不快]草吧看到一个对牌恨得要凌迟他的,37102496
[不吐不快]送个号你玩但号还是我的,37102710
[热点事件] 当初三阶是怎么被青蒜出剑斗的啊,37102857
[不吐不快]我要开始笑了,37102916
[不吐不快]米哈游塑造最好的两个角色,37103247
[不吐不快] 论结晶和()的相似之处,37103373
[不吐不快] 太细啦，这下伏笔回收了，我哭死,37103699
[不吐不快] 原来打牌活动不给看打牌不是下限,37103926
[不吐不快] 就现在O的玩家社区给人的感觉就是一群极度自卑的玻璃心报团取暖互相找认同,37104009
[不吐不快]联动清算楼，来点史料,37103909
[不吐不快]搞了两张表情包，xdm来给点更带劲的,37104064
[不吐不快]每日一乐,37104121
[不吐不快] 菲米尼不会是临时想出来凑数的吧,37104188
[不吐不快] 对真上班党确实推荐不下去原神,37104556
[热点事件]某锐评up更新了,37104699
[不吐不快]在同一个人身上，有三样东西是不能同时存在的,37104817
[不吐不快]为什么有关祥林嫂厨的帖子老是被锁？,37104854
[不吐不快]原神完全没东西的空旷地图是不是越来越多了？,37105171
[不吐不快]就离谱，不知不觉，我的心海已经三套不重样的武器圣遗物了,37105438
[不吐不快]原神完全没东西的空旷地图是不是越来越多了？是不是他们已经对设计大世界感到疲劳了,37105171
[不吐不快] 原如果上价steam会怎么样,37105896
[热点事件]牌佬新视频点赞率接近15%,37106458
[不吐不快]用ai跑了个小故事,37107048
[不吐不快]对不起，没绷住,37107556
[不吐不快]  笑死了，我截取的是官方的PV 官方的都没被说低俗，我反倒低俗了,37107670
[热点事件]我预感这个视频评论区马上要被仙占领,37107673
[不吐不快]都搞不清mhy对散是爱还是恨了,37107772
[不吐不快]日常也会被卡诶,37108182
[不吐不快]泛式：不要断章取义,37108417
[热点事件] mhy该惩罚挂机的货了,37108394
[不吐不快] 水一个自爆,37108383
[不吐不快] 论理想主义者和米哈游,37108703
[不吐不快]现在想想原神最二次元的居然是蒙德,37108801
[不吐不快] 隔壁对原神和里茶的锐评,37109047
[不吐不快] 论米哈游的理想主义,37108703
[不吐不快] 很奇怪 为什么米游社意外的正常,37108845
[热点事件]没人搬我就搬了,37109660
[热点事件]今天在b站无意中刷到个视频，抽象的哈人,37109741
[不吐不快]这是可以问的吗？理查的诸位是反原又反米还是反原不反米？,37109948
[不吐不快]初音未来原神联动氵,37109962
[不吐不快] 论米哈游的理想主义(系列文第一弹),37108703
[不吐不快]直接就不玩原神了,37110345
[不吐不快]玩原神可能确实会让人审美降级,37110686
[不吐不快]提问贴，从其他区看到有人说神社被辟谣了？,37110974
[热点事件] 水一个广告,37111042
[不吐不快]有个朋友准备跑路了，但……,37111184
[不吐不快]那些消失的话术,37111211
[不吐不快]新的tx打压？,37111314
[不吐不快]换头散兵，从立绘走向现实,37111419
看到一个二游男女比例统计图，水一下 [不吐不快],37111818
[不吐不快]艹，原神怎么你了这么出名吗,37111959
[热点事件]我对某床姓打牌主播的好感度降低的原因,37112051
[不吐不快]被米孝子朋友拐进米共坑的开服玩家黑泥,37112062
[不吐不快]被米厨朋友拐进坑的开服玩家黑泥,37112062
[不吐不快]我的原神任务进度,37112169
[不吐不快]补了一下瓜，感觉怎么到处都这样,37112275
[热点事件]最新评论区→里茶馆声名远扬,37112337
[不吐不快]有没有老哥科普一下十喵图,37112396
[热点事件]说实话，我觉得你们说得那位锐评up主多半快要滑轨了,37113177
[不吐不快]我实在是想不通了，流水这种东西高不高和我们普通玩家有一毛钱关系么,37113511
[不吐不快]麻了 今天连续匹配三次被恶心三次,37113952
[不吐不快]我终于找到跟米家剧情和解的方式了,37114053
[热点事件]  当你在b站搜索世界级剧情,37114157
[不吐不快]有个问题还是没想明白，3.0后的散兵塑造到底图个什么？,37114464
[不吐不快]笑死，一打开b站就有乐子,37114647
[不吐不快]之前史官整理的2.2w相关事件的帖子还能找到吗,37115366
[不吐不快]感觉小鹿生贺图画得太中性了,37115566
[不吐不快]别的游戏我都是弃坑了但还是希望它能好好活着,37115608
[不吐不快]没人怀疑过雷散解群体里是什么人吗,37115686
[不吐不快] mhy还是幽默啊，服务都关闭了还要你评价一下,37115461
[热点事件]江苏一八重coser去漫展在公交被骂了,37115914
[热点事件]已经无法直视三次背叛了,37115846
[不吐不快]乐子共享，平a换大招，初中生的自曝,37116015
[不吐不快]刚才说雷散解帖子怎么没了。,37116102
[不吐不快]震惊，帖子没了，你们有什么头绪吗,37116114
[热点事件] 生贺图相关，我好像明白mhy男角色设计思路了,37116426
[不吐不快]今天怎么了,37116903
[不吐不快] 怎么今年夏天换mhy发病了,37117054
[游戏杂谈][不吐不快]加尔恰这个任务主打一个循环吗？,37117075
[不吐不快]一觉醒来瓜又没了,37117120
[不吐不快]因为玩原神玩的，所以我们在此相遇,37117316
[不吐不快]为什么贴吧老是这么热衷于搬nga的帖子,37117675
[不吐不快]这期活动真的不是来黑散兵的吗？,37117763
[不吐不快]为什么pc端控制飞行高度不能用鼠标滚轮？,37117788
[热点事件] 朋友跟我讲了布加迪剐蹭宝马的事,37118004
[不吐不快]话说每日任务就不能搞几个角色来派发和验收嘛,37118158
[不吐不快] 立场是什么时候调换的呢,37118189
[不吐不快]全肯定党们现在经常受气就是软肋实在太多了,37118071
[不吐不快]说到外服绘画比赛相关，最近某游戏出了泳装，立绘刚出当天就有一堆高质量涩图出现在了qq群。,37118390
[不吐不快] 半佛：为什么游戏策划和运营总是作妖？,37118796
[不吐不快]比较烦一些米氏全家桶,37119070
[不吐不快] 关于米哈游的公众关注度，外加一点个人吐槽,37119688
[不吐不快] 终于打赢了复活赛,37119475
[不吐不快]后知后觉，下半启动器不会就是前瞻直播里那张其他的大图吧,37118859
[不吐不快]瓜综版的人总是有很强的被害妄想,37120004
[热点事件]好耶，宵宫姐姐上电视了,37120722
[不吐不快]活动试用了一圈，()真是难用得突出,37120781
[不吐不快]我真的非常庆幸一件事,37121198
[不吐不快] 所以接下来这个游戏彻底成为幼稚园的绿色游戏？,37121632
[不吐不快]玩原神玩的这话也太有意思了,37122052
[不吐不快]感觉开放世界和氪金有点天然互斥,37122137
[热点事件] 公交公司回应女生穿cos服遭男子怒骂，对乘客着装没有要求，可以穿cos服乘车,37122301
[不吐不快]话说玩里版是不是有很多高等级的黄牌？,37123034
[热点事件]十神因为再度表达了对3.3的不满而被仙团建,37123826
[不吐不快] [热点事件] 其实我觉得原现在不在乎老玩家的游戏体验恰恰是对自己无能的承认,37124092
[热点事件]联动氵，不止瓶子，烂活电竞也干了,37124122
[不吐不快] 联动隔壁配音演员贴，钟离粉能接受钟离现在的声线吗？,37124327
[热点事件] nga火了，后面忘了。,37124310
[不吐不快]我怎么感觉仙都是散解。,37124506
[不吐不快]我们说错什么了吗,37124539
[不吐不快]话说米还不大换血一次内部吗,37124797
[不吐不快]文案组的高傲,37124792
[不吐不快]今天要点开app store的小心点,37125058
[不吐不快] 瓜版，游踪，里版观察,37125087
[不吐不快]疑似崩铁的文案组员工评价云上五骁剧情,37125284
[不吐不快] 三年后再看这个视频感觉很多问题都说到点子上了啊,37124321
[热点事件]如果啊，我是说如果,37125467
[不吐不快]难绷,37125492
[不吐不快]意外发现微博表情上新了,37125518
[热点事件]老米要开抢了？,37125751
[不吐不快]偶然看到这么个帖子，我有点震惊,37125767
[不吐不快] 文案！文案！文案！写出这坨剧情的人只配被称呼为文案！,37125862
[不吐不快]看到没人搬我来搬了，mhy文案在微博多次阴阳玩家，以及用rh称呼,37125971
[不吐不快]这下小仙男实锤了,37126168
[不吐不快]有没有偏日系风格的游戏推荐(非抽卡养成),37126262
[热点事件]和谐开服老角色 一年不出女限五 黑丝小男孩 午餐肉 全解释的通了,37126315
[不吐不快]这下龟仙人名副其实了,37126451
[热点事件]笑死，狗血剧也好意思沾沾自喜,37126472
[不吐不快]米家结晶重复爆典,37126625
[不吐不快]建议称m家文案为产屎官，何如,37126887
[不吐不快] 有点乐,37126948
[不吐不快]感觉不如让我来当文案呀,37126992
[不吐不快]氵，枫丹能看到这个npc吗,37127094
[不吐不快]破案了，如果是xxnAN，另一些事情也合理起来了,37127162
[不吐不快]为了退游退的干净把能看到原神的应用都退了，结果一回来就看到这么大活,37127221
[不吐不快]38阴湿男，你真的不会折寿吗？,37127086
[不吐不快]国中生？会员制餐厅！,37127261
[热点事件]半天没刷里版，咋看不懂了,37127263
[不吐不快]其他社区有针对这次xxNan的吐槽吗,37127310
[不吐不快]我推的文案(未完成),37127384
[热点事件]感觉里茶距离“缓解用户矛盾”不远了,37127390
[不吐不快] 喂喂喂~，在吗在吗？,37127458
[不吐不快][破事氵]厕所为什么要叫厕所,37127502
[不吐不快][床相关 补发氵]又开始了,37127513
[不吐不快] 这就是里茶馆存在的意义,37127558
[热点事件]叉佬是神,37127537
[不吐不快]什么构东西,37127584
[热点事件]怎么米家内部也用蔑称啊,37127634
[不吐不快] 我只能说，你米就是这么对待当初支持你的玩家的啊？,37127674
[不吐不快]瓜版说是nga的开盒，还有人疑似扒出ngaID,37127734
[不吐不快]瓜版说是nga里版的开盒，还有人疑似扒出ngaID,37127734
[热点事件]给大伙点个bgm,37127766
[热点事件]这位就是那位文案吗,37127840
[不吐不快]隔壁我觉得都可以改名米综了,37127804
[不吐不快] 里茶牛头人了游宗 被米文sj看在眼里恨在心里亲手YY 游宗内心日益扭曲 太刀了,37127829
[不吐不快] 吃瓜有感,37127822
[不吐不快]浅浅搬点乐子,37127813
[不吐不快]看隔壁钟离配音贴有个疑惑,37127810
[不吐不快]很符合我对米家神父形象的想象,37127612
[不吐不快]mhy内部是不是有指标啊？,37127806
[热点事件]手综版还是其乐融融,37127946
[不吐不快]嘬奶嘴果然是上行下效啊,37128079
[不吐不快]米哈游文案不会真的觉得自己做的很好吧,37128102
[热点事件]这就是那位文案吗,37127840
[不吐不快]不是，米哈游自己策划都用下体部位代指玩家,37128051
[不吐不快] 不能把挂机的踢出去然后降低指标吗,37128048
[不吐不快]李猛干难道就是散兵吗,37128114
[热点事件]都这样了，再给米充钱就不礼貌了,37128131
[不吐不快]马哈鱼要开始加速了,37128254
[热点事件] 各位都是我的互联网嘴替,37128283
[不吐不快] 现在我最好奇的其实是mhy技术人员是怎么看的,37128216
[不吐不快]认识的一堆人还是原铁双修我好难受啊,37128319
[热点事件]每天都能被散解的魅力时刻震惊到,37128363
[热点事件]是不是该开始嗑MHYx理查了,37128432
[热点事件] 你们看看他在贴吧就会发现，只阴阳还算好的了，贴吧才是大瓜,37128401
[热点事件]这是罗贯中被黑得最狠的一次,37128458
[不吐不快]吐槽的大方向也许是对的，但仍不免过于滑坡,37128548
[热点事件][不吐不快]结晶和仙啥时候合流的鸭。,37128594
[不吐不快] 枫丹npc 理查 登场!,37128647
[不吐不快] 12点是不是就有那位大人的Ep看,37128621
[热点事件] 感觉唐玄宗说的对啊,37128699
[热点事件] 帮你们看完了散兵EP，里面没有其他人,37128705
[不吐不快]原来米内部也跟着这么叫xx啊,37128711
[不吐不快]悲 这下变成李察管了,37128696
[不吐不快]笑死，每天理查的热闹都是mhy送上的大礼包,37128735
[不吐不快] 如何评价这位编剧？,37128818
[不吐不快]大家枫丹下水道见,37128824
[不吐不快] 不过说起来养蛊真的可以辐射到整体营收上吗？,37128909
[热点事件] mengan君的资历好老我好爱,37128908
[不吐不快]其实也能理解米哈游的文案,37128949
[热点事件]散兵EP其实也间接表明了他的生活方式吧,37128992
[不吐不快]感谢mhy的助攻,37129044
[热点事件] 怎么越来越短了,37129070
[不吐不快]吐槽的大方向下，难免过于尖锐,37128548
[不吐不快]看看我们自信的米家文案,37129161
[不吐不快]在男性用户为主的体育论坛买其他开屏是否脑子有坑？,37129140
[不吐不快] 看完文案瓜安心停了大月卡,37129069
[不吐不快] [？]？,37129285
[不吐不快] 新奶嘴，火影手游,37129330
[不吐不快]璃月人认为提瓦特的那个源头，它是什么？,37129320
[热点事件]原来锁的呐味不是文案厨力放出啊.......,37129347
[不吐不快]都在开剧情ch，今天我开一波数值ch,37129391
[不吐不快]哇是真的厉害，刚刚的帖子现在居然没了百分之八十,37129388
[不吐不快][热点事件]谁说散兵ep没有小草,37129455
[不吐不快]有没有什么办法能让我在伟大的原神里也留下微不足道的一笔捏,37129452
[不吐不快]这下请记住,37129432
[热点事件]编辑了,37129347
[不吐不快][热点事件]真让大家伙猜对了啊,37129486
[不吐不快]仙撸大战新典,37129503
[热点事件] 帮你们看完了散兵EP，里面没有其他人(编辑，有草神，散草99！),37128705
[不吐不快]猛干君真是理查的恩人啊，今天早上真是吃瓜吃到消化不良,37129569
[热点事件]让这种逆天编剧写仙舟剧情？,37129639
[不吐不快] 除了伞之外，有几个人的ep里是有其他角色的,37129656
[不吐不快][热点事件]鹓鶵，鸱枭与腐鼠,37129670
[不吐不快]难怪不让玩家代入,37129694
[不吐不快][热点事件]不知道有些人哪里来的“直男集体荣誉感”,37129597
[热点事件] 呐崩铁1.4能见到理查的各位吗？,37129412
[不吐不快] 话说为啥外面钟离又开始盖高楼了,37129755
[不吐不快][微原相关] 大水冲了龙王庙,37129840
[不吐不快]越想越恶心,37129867
[不吐不快]理查今天怎么这么多帖子失踪了,37130155
[不吐不快]在某站评论被莫名其妙回复,37130130
[不吐不快]猛干哥 休息会坐下来喝点茶吧,37130244
[不吐不快]ai整活失败,37130478
[热点事件] 米的活怎么那么多啊,37130514
[不吐不快] 在PV相关贴看到个人(bot？)，点进去这历史发言太抽象了我超,37130582
[不吐不快] 朱厚熜再独也要扶持严嵩，一个新上位的神就光顾着东厂太监了是吧？,37130833
[不吐不快]隔壁编剧的瓜最让我震惊的是他说幽兰戴尔原型是c罗,37130868
[不吐不快]今天什么日子啊,37130884
[不吐不快] 不装了，我就是xxn玩家，对散兵ep我要发声，米哈游最好能看见,37131030
[热点事件] [不吐不快] 不装了，我就是xxn玩家，对散兵ep我要发声，米哈游最好能看见,37131030
[不吐不快]唉，吃了这个瓜，就想着要是弗兰老师和帆船老师能影分身就好了,37131157
[不吐不快]还有两小时，好期待,37131155
[不吐不快]这下沉默的小部分了,37131205
[不吐不快]求一张高清图,37131240
[不吐不快] 散草爱了爱了,37131296
[热点事件]散草ep守望位置,37131331
[热点事件] mhy不要太爱里版,37131369
[热点事件][见证历史]手综版第一个含o量为0的帖子,37131432
[热点事件]鬼鬼，2023年居然在瓜版看到米家帖子了,37131582
[不吐不快]没怎么看过ep,37131624
[不吐不快] 求个瓜，我记得当时崩三也有文案/美工混厕所的瓜？,37131620
[热点事件]观瓜版结晶逆风有感,37131677
[热点事件]龟龟，mhy的未来，我有点不敢想了。,37131696
[不吐不快]发生什么事了？里版就剩3页帖子了？,37131744
[不吐不快]唉，可惜你们打草惊蛇了，以后挖不出谁写的散草了,37131842
[热点事件]这就是我为什么这么喜欢mhy,37131895
[不吐不快]某人终于找到了内心的平静捏,37131970
[不吐不快] 当以后有人对你说mhy太细了的时候,37131980
[热点事件] 散兵EP位置打卡，官方竟然为了EP对地图做出这种事……,37131962
[不吐不快] 里茶老哥千千万，一天不关版，让米怎么安心？,37131984
[热点事件][感叹水] 卧槽，什么史前巨瓜,37132101
[热点事件][不吐不快]好快的切！！,37132099
[不吐不快]有人存了那个女士打赢复活赛了拿奖杯的表情包吗,37132097
[热点事件] [奶嘴氵]隔壁已经奶嘴开嗦了,37132217
[热点事件]还好没退坑原神,37132225
[不吐不快]大伟哥你在看吗？,37132285
[不吐不快] 怎么会有人真的觉得玩家讨论起来了争议起来了米又win了的啊？,37132251
[不吐不快]这瓜反而解释了之前剧情给我的拧巴感,37131987
[不吐不快]小心ios小组件,37132379
[不吐不快]刚来 xxxx满级号哪里领,37132388
[不吐不快]最近吃瓜，乐不思蜀,37132389
[热点事件]不被世人祝福的爱恋，总要有人来支持他们,37132475
[热点事件]这应该能锤死吧？,37132539
[不吐不快] 大猛干典王语录集,37132499
[不吐不快]李猛干大哥，不要恨里茶，要恨就去恨须弥文案吧,37132561
[热点事件]最可惜的是，怎么就没早点扒到蓝鸟！,37132577
[热点事件] 去别的社区看下乐子，有点出乎意料,37132576
[热点事件] 你好，我给C罗买婚纱！,37132618
[不吐不快] 先不谈小细节 不亏是须弥真正的神明 躲都躲不了,37132694
[热点事件] 猛干哥的事注意一下,37132689
[热点事件][热点事件]说实话，对有些东西是不是完全可以开放一点了,37132660
[不吐不快] 我其实有点搞不明白某些人的逻辑,37132710
[不吐不快]兑现诺言了,37132724
[不吐不快]受到了双倍伤害,37132764
[热点事件] 预测下这次事件未来的发展,37132783
[不吐不快][不吐不快]……回忆当初,37132807
[热点事件] 你心真的很红,37132788
[不吐不快]我受不了了，今天三个人一起值班是吧,37012173
[热点事件]有没有脱水版整理？,37132868
[不吐不快]ep的设计你妈死了,37132875
[不吐不快] 这游戏真TM纯纯的有病,37132934
[不吐不快] 为什么有的人觉得散兵相关剧情的问题是他没有赎罪？,37132923
[不吐不快] 你们说这个事有没有可能是内部线上办公阿,37132961
[热点事件]这下恐怕有的口子彻底打开了,37133083
[不吐不快] 米哈游那个散兵id违规简直是一步绝世“好棋”,37133108
[热点事件]给大伙看看虎扑老哥多么恶心散,37133202
[热点事件][不吐不快]起名水，晚安，我在,37133201
[热点事件]现在我觉得李猛干比兽娘2事件还要可怕,37133269
[不吐不快] 终于抽到了,37133287
[热点事件]有人存着猛干兄微博，贴吧，b站改名记录吗,37133308
[不吐不快] [热点事件] 一图流告诉你米忽悠编剧都是什么玩意,37133357
[热点事件]李猛干的帖子贴吧发不出来了？,37133343
[不吐不快]珐有六命，代价有三个,37133320
[热点事件]给大伙看看虎扑老哥多么的恶心晦气,37133202
[热点事件]猜测猛干哥的xp,37133401
[热点事件]吃瓜求助之名词解释,37133472
[不吐不快]想到以前参与过的玩家对立就觉得可笑,37133468
[不吐不快] 有没有老哥再来一次类似《孤散者》的狠活,37133537
[热点事件]猛干瓜脱水版,37133313
[不吐不快]这件事情后米家是不是要大受创,37133570
[热点事件]太乐了 紧急下了个红迪,37133629
[热点事件] 其实这次彻底坐实大家对米哈游的看法吧,37133664
[不吐不快]mhy编剧，我燃烧你的马(来自鹅厨的愤怒),37133610
[热点事件]小蓝鸟上也有猛干的光辉事迹了,37133721
[不吐不快]以后就算原神崩铁剧情超神游戏体验完美也当不下去萌萌人了,37133758
[不吐不快]《这么非就没有想过是你自己的问题吗》,37133796
[不吐不快]以前确实把mhy想得太好了,37133798
[热点事件]星铁版有些人也太孝了吧,37133894
[不吐不快]对不起，但是你老婆是c罗.jpg这个meme真的太好笑了,37133878
[不吐不快]感谢里版显微镜，这下彻底卸游戏走人了,37133875
[热点事件] 咱们这不再开一个专版？,37133949
[热点事件]果然，在其他池子开放这天夏活迎来高潮,37133959
[不吐不快]蹭个改名猛干的热度,37133903
[热点事件]这次应该还彻底实锤了一件事，那就是璃月和咸粥(仙舟)明确是文案手中用来炒作的工具,37134046
[不吐不快]前有苍蝇小妹，后有李猛干,37134061
[不吐不快]里茶会不会有一天变成永恒绿洲啊,37134089
[不吐不快]sb不能改某些名是真是假啊,37134354
[热点事件] 真开假开盒啊,37134375
[不吐不快]有点想滑坡了,37134531
[不吐不快] 不知不觉间，自己变的好奇怪,37134523
[不吐不快]恰到好(坏)处的氪金时机。。。,37134588
[不吐不快]米家的人这么讨厌nga，不如学马斯克把nga收购了,37134583
[不吐不快]没有别的意思,37134570
[热点事件] 开始被岁了,37134375
[不吐不快]颜色都对应上了,37134644
[不吐不快] 我觉得现在当务之急是要出个视频,37134637
[热点事件]别岁了别岁了，根本没有开盒在大楼， 他自己把快递单发在贴吧实名上网,37134680
[热点事件] 卡池水，很符合我对一些群体的想象,37134697
[不吐不快]说个散草题外话,37134452
[热点事件]国际服改名“limenggan”，怎么才能看成功没有啊,37134673
[热点事件]瓜版高楼观结晶疯狂打滚,37134672
[热点事件] 有没有人整个猛干哥爆典合集啊,37134671
[不吐不快]想纳西妲了,37134652
[不吐不快][热点事件]以后的国家会不会再有稻妻这种,37134582
[不吐不快]你米内部对高人气女角色就这么恨吗,37134749
[不吐不快][热点事件]手综和理查完全不是一个世界,37134743
[热点事件] 他真的很想让大伙都知道他知道什么叫邓宁克鲁格效应,37134867
[热点事件]我是FailedC，开盒澄清帖,37134862
[不吐不快]我原看来真不配上桌啊,37134959
[不吐不快]不难看出原版这几年的节奏多少都有mhy背后的影子,37134978
[不吐不快] 现在大家希望米哈游改正还是米哈游死啊,37135071
[不吐不快]大干老师的哪句典攻击力最强,37135163
[不吐不快] 极品圣遗物,37135189
[不吐不快]家人们谁懂啊，厨的人语音都没听过,37135236
[不吐不快]虽然梗图，但是嘲讽意味拉满,37135300
[不吐不快][热点事件]我曾以为mhy文案是傲慢又无能，现在发觉有些人还很恶毒,37135295
[不吐不快]既然呆鹅是c罗,37135084
[热点事件] 我先開香檳了,37135336
[不吐不快] 鹅厨开炮k423和米哈游是吧，芽厨来跟团了！,37135350
[热点事件] 呆鹅和C罗有什么关系有无老哥讲讲,37135428
[不吐不快]什么样的老板带出什么样的团队,37135464
[热点事件] 太子up池直奔0h！香槟按不住了！,37135493
[不吐不快]有个很有意思的东西突然想提一嘴,37131348
[不吐不快]不是，其他开e的西瓜锅盖头怎么能这么丑的,37135541
[热点事件]目前的名句真的太多,37135581
[热点事件] 今天是个好日子,37135596
[热点事件]突然想到一件事，mhy，是有数据的,37135598
[不吐不快]第一波流水出来了，视奸的ip、文案们这就是你们的福报,37135613
[不吐不快] 一个账号唯一的一次机会，送给了散宝,37135689
[不吐不快]当年有柳永奉旨填词，现在呢……,37135757
[热点事件] 说起来，理查多少人看足球,37135804
[热点事件]当我清醒过来的时候，我已经氪了328,37135793
[不吐不快] 完美诠释又坏又蠢又爱跳,37135774
[热点事件]脑子昏头了讲无关内容，班务隐一下吧,37135793
[热点事件] 蹭吃蹭喝,37135860
[不吐不快] 今晚垫竞大赛,37135859
[不吐不快]为啥把草神藏这么隐蔽呢？,37135904
[不吐不快]话说里版到底有多少还在玩啊？,37135898
[热点事件] 蹭吃蹭喝等12点,37135860
[不吐不快] 曾经我天真的以为应该让米哈游的文案去瑞金看脑科,37135990
[不吐不快] 香槟别开早了，人家会买量啊,37136012
[不吐不快] 我当时就说大杯ml角色去卖cp会出大问题的,37136005
[热点事件]瓜太多了吧？截止目前有没有什么总结帖,37136017
[热点事件]这次是真的爆中爆了，相比之下秋语晨都只能算小爆了,37136078
[热点事件]发生啥了，咋崩坏玩家都出来了,37136075
[不吐不快]从商业角度来看，把草神垫给散兵，算是一个优秀的决策么？,37136149
[不吐不快]真假的，怪不得崩铁文案这么喜欢玩梗,37136117
[热点事件] 喝了豆乳玉麒麟，还有什么推荐的吗,37136201
[不吐不快]明天要冲峰值的那些人加油啊,37136238
[热点事件]幽兰戴尔这件事让我想起了另一个很有名的事情,37136313
[不吐不快] 原来散兵的ep一直在眺望的是小草(ep不止一个小草),37136341
[不吐不快]话说，你们平时讨论流水说的多少多少h是啥意思,37136380
[热点事件]4.0还有20天就要开了，劝退朋友，人人有责,37136408
[热点事件]散兵这个ep真有点吓人了兄弟萌,37136480
[热点事件]抓一个还存活的草厨单推人，采访一下状态,37136445
[不吐不快]摊牌了，我是穷B，我受不了我充的钱被拿去给这种文案发工资了,37136446
[不吐不快]卧槽。真有月华厨，还是虎扑原版主。,37136546
[不吐不快]爽快，去手综输出了一波,37136614
[热点事件]那迦要被金翅大鹏吃？？？？,37136620
[不吐不快]现在想想太子这个流量者外号名不虚传,37136681
[热点事件] 猛干哥nga号没了？,37136691
[热点事件]马后炮一点来说，如果米哈游真的处理好了草神和散兵的问题,37136701
[不吐不快]勾起火气了，水龙吟？起这名字mhy你是真不要脸啊,37136760
[不吐不快] 各位，有手段的记得给猛干哥留个信息备份,37136776
[不吐不快]心海抽到，那些个海染终于有人用了，然而……,37136788
[热点事件] 现在觉得比较可惜的就是,37136819
[不吐不快]每日一蚌,37136808
[热点事件] ep,37136807
[不吐不快] 大的要来了,37136889
[不吐不快]话说，最近对纳小草又入脑了,37130189
[不吐不快]粉随正主所言非虚,37136919
[不吐不快]有没有猛干哥龙图话术汇总？,37136979
[热点事件]谁懂啊兄弟们，今天这事我感觉能笑半个月，太典了,37136988
[不吐不快]咱们泥潭有高人，有高人啊！,37137012
[热点事件] 流水贴反超了猛干哥,37137009
[不吐不快]猛干拯救计划,37137031
[不吐不快]关呆鹅的原型有点难绷,37137000
[不吐不快]如果给诸葛亮发一万个流浪者，能完成北伐吗,37137113
[热点事件]因魈之前语音“散去”引起的争议,37137107
[不吐不快]我承认了，是我下限高了,37137158
[不吐不快]最难蚌的是他们已经没办法说服自己了,37137170
[不吐不快][热点事件]整个晋西北乱成一锅舟了,37137200
[不吐不快]突然发现可莉皮肤单肩包那事儿可以用大干老师的典完美解释。,37137236
[热点事件]这一切的一切说不定是原内部的三姐干的,37137235
[不吐不快]我发现也就xx觉得重要吗攻击范围实在太广了,37137299
[不吐不快]c什么？？？什么罗？？？,37137321
[不吐不快]黑泥一下，在空间里说这编剧被骂了,37137307
[不吐不快]已经在等12点的排名了，如果局势乐观的话,37137314
[热点事件]C罗什么梗啊,37137329
[不吐不快] 大家说说为啥不玩原/mhy游戏吧，想劝人不玩原但是拿不出充足的论据,37137353
[不吐不快]对fc开盒辟谣贴的辟谣,37137370
[热点事件]联动幽兰戴尔水,37137360
[热点事件]苍蝇猛干的b站账号是改名了？,37137424
[热点事件]最有节目效果的一集,37137466
[不吐不快]看了里版一下午，这ep的细节也太多了吧,37137488
[热点事件]猛干哥还好吗，实在不行鱼死网破爆点其他编剧的料啊,37137512
[热点事件]深夜好活，实在是蹦不住了,37137519
[不吐不快]凭什么这么垃圾的编剧能赚钱啊,37137571
[不吐不快] 须弥乱成一锅粥了，求求您快回来吧，树王大人(&#65377;&#8226;&#769;︿&#8226;&#768;&#65377;),37137546
[不吐不快]感觉李编剧的瓜又没吃全,37137603
[不吐不快]诶哟喂，米游社都不让喊纳西妲和其他了,37137597
[热点事件]新的散草守望具体位置,37137584
[不吐不快]猛干老师攻击的可不止米家厨子啊,37137639
[不吐不快]开香槟咯！！！,37137636
[热点事件]正义史官氵，关于阑夕,37137656
[不吐不快]散解真的很搞笑,37137702
[热点事件] 好死 開香檳囉,37137696
[不吐不快]看了下来，感觉“只有你这样的xx厨才会注意吧”杀伤力是最大的,37137681
[不吐不快]开香槟咯！！！！！,37137715
[热点事件]不懂就问，此次0h之前流水最低的是多少,37137751
[热点事件] 7月25日，伟大的日子！,37137759
[不吐不快]明天你能看到的话术,37137776
[不吐不快]只从商业方面讨论，作为超级命座战士的角色第一次复刻居然是这种成绩，是不是说明原神的潜在问题已经极为严重了…,37137797
[不吐不快]现在原神就中日有流水是吧，都是0点的，也太惨了吧,37137823
[不吐不快][ep黑泥]还没有死心的半个草厨又一次被mhy骑脸,37137820
[不吐不快]要是明天我心的抽取数薄纱其他就搞笑了,37137838
[不吐不快]是时候把那句赔钱货还给三解了,37137847
[热点事件] 总算明白米黑是怎么来的了,37137846
[热点事件]珊瑚宫心海罪大恶极,37137833
[热点事件]见证历史，acg界，不，整个文娱界最赔钱的角色诞生了,37137860
[热点事件]之前不是借0H抖音来车优菈厨“没钱”吗？？,37137859
[热点事件]正义史官氵，关于“猛干哥骂阑夕是op”的真相,37137656
[热点事件] 米哈游身上是只有结晶和普信文案才能体会到的美。猪场是怪物，百度是怪物，粥是怪物，他们是东亚男性，是沙文主义，是强权,37137888
[热点事件]给一个也玩原神的朋友指了指ep里的智慧主大人,37137924
[不吐不快] [热点事件] 哈哈哈哈哈哈哈,37137949
[不吐不快]抽了6散玩了一晚上，这种角色还是得靠大世界内容才行,37137955
[热点事件]针对知乎洗脑包的明哲保身,37137954
[不吐不快] 别忘了理查可是喷了仙好多帖子,37137981
[不吐不快]今日我们相聚于此也就,37137999
[热点事件]来点和当前气氛匹配的梗图,37138017
[不吐不快]这是我??第1300做法害人,37138033
[不吐不快]今日我们相聚于此,37137999
[不吐不快]这是我心第1300做法害人,37138033
[不吐不快]今天最大的小丑是ml散解啊,37138080
[不吐不快] 这次流水这么低，主要是珊瑚宫心海导致的,37138098
[不吐不快]这就是没见识，以为自己的圈子就是全世界的后果,37138089
[不吐不快] 这次流水不尽人意，主要是珊瑚宫心海导致的,37138098
[不吐不快] 其实我早就猜到散兵复刻流水必败，也猜到过抖音0h,37138135
[热点事件]眼看他起高楼！,37138130
[不吐不快]哈哈哈哈哈哈哈哈哈哈哈哈,37138133
[不吐不快]今天我一直在笑,37138155
[不吐不快]今天的晚安帖是不是特別多？,37138211
[不吐不快]今天的乐子看完了，我已经等不及要看前瞻的乐子了,37138205
[热点事件] 晚安！晚安！！！！哈哈哈哈哈,37138233
[不吐不快]这是你自己开启的故事啊！,37138231
[不吐不快]其实我一直觉得所谓跑图能力作为氪点蛮奇怪的,37138203
[不吐不快]原神由盛转衰的转折点能盖棺定论了吗,37138237
[不吐不快] 3.8的流水已经大致上可以确定暴死了，那后面几个版本策划应该又要请出那两位大姐姐和那位小妹妹了吧,37138243
[不吐不快]我们万万没有想到，被我们寄予厚望的散宝,37138259
[热点事件] 无内鬼，来点猛干先生表情包，喜欢表情包的进来坐坐吧,37138286
[不吐不快]很明显心海就是个赔钱货,37138309
[不吐不快]给大家讲个笑话：剧情对流水影响不大,37138307
[不吐不快]我想说一句话，公道自在人心,37138295
[不吐不快] 有几天没发帖了，我想先给大家道个晚安,37138304
[不吐不快]第二波流水出来了，视奸的ip、文案们这就是你们的福报,37135613
[热点事件] 所以流水真的出问题了？,37138325
[不吐不快] 光是想想就觉得好笑，散解想看看散兵，然而散兵只想看着小草,37138322
[热点事件]策划万一被裁员了会不会掉小珍珠啊,37138342
[热点事件]晚安，里宝,37138352
[不吐不快]很明显完全就是心海拖后腿,37138309
[不吐不快]米，看看你做的吧，这盛世如你所愿！,37138338
[不吐不快]吃瓜吃得睡不着了,37138353
[不吐不快]当初被米气得睡不着，现在被米乐得睡不着,37138366
[热点事件]3.8这流水，只有4.0才能救了吧,37138354
[不吐不快]里查真的是蒸蒸日上,37138361
[不吐不快] “XX厨才会在意”是否否定了二游运行与收入的底层逻辑,37138372
[不吐不快]如果4.0版本流量，反响平平，那可真是泰裤辣！！,37138425
[不吐不快][不吐不快][不吐不快]说起来风口的猪不会真以为他打的过鳄鱼吧？,37138454
[不吐不快]以前被米气得睡不着，现在被米乐得睡不着,37138366
[不吐不快]到“只有xx才会介意这种事情”为止，米是不是完成了对eva的最高致敬？,37138515
[热点事件] 乐 结晶这下连立体防御都挡不住了,37138513
[热点事件]4.0卡池(不保真),37138547
[不吐不快]这次事情最大的受害者是我心,37138546
[热点事件]手综真的是最后大本营了？,37138568
[热点事件]晚安里版,37138547
[不吐不快]奖励我??一个月华,37138589
[不吐不快]给里猹提供下乐子，散出对流水真有信心啊,37138586
[不吐不快]原神编剧要是还有点根性就该继续写散的剧情,37138610
[热点事件]我开始怀疑里版也是有剧本的了,37138611
[不吐不快]交出你们相册里笑的最开心的图,37138624
[不吐不快]有没有一种可能，我是说可能,37138629
[不吐不快]7月25日这天实在是太精彩了,37138631
[不吐不快]奖励我心一个月华,37138589
[不吐不快] 这件事对未来影响最大的是玩家对未来剧情的期待,37138645
[不吐不快]大猛干语录对于卖角色为主的游戏来说杀伤力实在太强了,37138665
[不吐不快]什么乐子给我也看看给我也看看！,37138662
[热点事件]我觉得结晶没有搞明白一件事，无脑堵嘴在事实面前结果只有求锤得锤,37138691
[不吐不快]这就是2:46 a.m.的理查！,37138733
[不吐不快]说起来，某个爆论是不是很适合那些晚安贴。,37138780
[不吐不快]厨力玩家的怨念,37138820
[不吐不快]这是我心第1300次做法害人,37138033
[热点事件] 现在好像连瓜版和综版都变成逆风了,37138836
[不吐不快]唉，散兵闹麻了,37138838
[热点事件] 请问外面风向如何，怕我只看理查信息茧房了,37138876
[不吐不快]流水虽然寄了，但是想到一句话,37138875
[不吐不快]不行了不行了，我要乐死了,37138907
[不吐不快]瘤子晚安怎么没点赞,37138906
[不吐不快]我是sb啊,37138911
[不吐不快] 震惊，散兵居然是0,37138707
[不吐不快]里版都这样了，为什么还不让提内鬼,37138926
[不吐不快] 好奇cp党的消费欲望从何而来？,37138944
[不吐不快]想穿越回前几天,37138949
[不吐不快][热点事件]这洗地有点离谱了,37138959
[不吐不快] 入坑3个月 今天第一次进理查就吃了一天的瓜,37138974
[不吐不快]始也独立宣言，终也独立宣言,37138976
[不吐不快]原来破防的竟是我自己,37139015
[不吐不快]不知道有没有人知道全游戏出脑的快乐,37139018
[不吐不快]我他妈一夜没睡,37139028
[不吐不快] [ai散草] [cp预警] 科研成功,37139034
[热点事件]是时候复习一下星铁制作人大卫先生采访时的发言了,37139050
[热点事件]查了下他贴吧，猛干哥的语气还挺好认，这种内部人士独有的优越感这么多年了都没变,37139080
[不吐不快]这就已经开始怪月华了吗,37139084
[热点事件]查了下他贴吧，猛干哥的语气还挺好认，这种内部人士独有的优越感这么多年都没变,37139080
[不吐不快]猜猜这个人是谁？,37139088
[热点事件]某些人一直标榜散兵待遇好是因为赚钱,37139147
[不吐不快] 乐死我了里版怎么这么多前WB跳反，我也是啊那没事了,37139033
[不吐不快]B站搜米哈游编剧,37139164
[不吐不快] [热点事件] 散草海卡真是不同风味的cp，满足不同人群喜好,37138989
[不吐不快]这很难评，原来是卖乙的？,37139199
[不吐不快]mys讨论ep贴散草99还真有散解破防啊,37139180
[不吐不快]怎么感觉你家游戏员工出现及爆典啊？,37139248
[不吐不快] 开解一下不少被打滚人气到的茶客,37139269
[不吐不快]输麻了，抽完再去看剧情的人真的很小丑,37139288
[不吐不快]这个画面是不是应该这样解析？真正的官方盖章。,37139318
[热点事件]抖一儿散笑川出列！,37139319
[不吐不快]复盘一下我在mhy厨角色的经历,37139338
[热点事件]谁说草神ep没有散兵(伪),37139354
[不吐不快]蝉大师折线图也来了，三解还会再拿蝉大师的图吹吗,37139413
[不吐不快]什么叫粉随正主啊,37139411
[热点事件]之前的复刻池有几个0h的？,37139415
[热点事件]nga管理爆出猛干哥的ip是哪里来的说法,37139489
[热点事件]有没有大文豪，来总结下这次流水暴死的意义,37139339
[不吐不快] 作为一个在3.3版本还为散辩护的玩家是如何被官方创死的,37139250
[热点事件]居然是0诶,37139530
[不吐不快]“你老婆是c罗”和“只有你这种xx厨才在乎”哪个更伤人,37139620
[不吐不快] [热点事件] 卡维海哥黑泥,37139630
[不吐不快]没想到苍蝇小妹之后还有官方人员私下账号敢全网同名,37139627
[热点事件]庆贺3.8版本上下都是0h的高流水,37139671
[不吐不快]都是工业化害得,37139674
[不吐不快][热点事件]小草ep的风晶蝶,37139713
[热点事件] 散草99的证据——,37139751
[热点事件]谁来帮忙把这个图p成草神啊，自爆梗版本需要更新了,37139766
[不吐不快]我就搞不懂了小程序使用率和角色强度有个毛关系,37139786
[不吐不快]猛干事件真是继暴雪涨价以来让我觉得最恶心的事件,37139799
[不吐不快] 别再嘲讽散厨不一咬三拯救流水了,37139862
[不吐不快]笑死我了，太子这个EP的评论区,37139870
[不吐不快] [热点事件] 卡维海哥黑泥，单推俩人但不磕cp,37139630
[热点事件]新的一天，手综版已经开始自我龟训了,37139943
[不吐不快]如果你是那位打牌up，后面该怎么做视频？,37139938
[不吐不快]所以这个散草叫如卖,37139973
[不吐不快] 这是否说明了在二游里搞饭圈那套和讨好xxn行不通？,37139966
[热点事件]怎会如此！必须氪金支持一波啊！,37139951
[不吐不快]三阶别再吹大世界了好吗,37140014
[不吐不快]我玩原神阴德的,37139981
[不吐不快] 想做好游戏 有廉耻心和好德行是底线 然而,37140152
[热点事件] 所以是否当个鸵鸟更快乐,37140186
[不吐不快] 所以1000w賀圖呢,37140178
[热点事件]mhy乃至“一般向”的运营(捞钱)思路是不是这样的,37140175
[不吐不快]我这个遗老也来讲讲自己在米家推角色的经历吧,37140205
[热点事件]这个团没人开？我来开！李猛干厨进。,37140204
[不吐不快]欧泡已经不是黑称了捏，是官称,37140264
[不吐不快] [热点事件] 编辑了，抱歉我承认我还没破防彻底,37139630
[热点事件] 大猛老师事件一图流,37140267
[不吐不快] 氵，我一直觉着米家的感情戏写得很有一种熟悉感,37140288
[不吐不快] 上线领个蛋糕发现已经有星之归还了,37140394
[不吐不快] 也许我的背包里再也不会出现新角色了,37140389
[不吐不快]平常逛的少了，这是第一次看到结晶,37140463
[不吐不快]昨晚是哪个家伙笑那么大声,37140480
[热点事件]有没有老哥讲讲这次流水低到了什么程度？,37140468
[热点事件] 大猛干老师事件一图流,37140267
[热点事件]如何评价散解认为,37140528
[热点事件]经过昨天的事情，感觉ch们看大家黑泥be like…,37140691
[不吐不快]其实我很好奇,37140763
[不吐不快]这个可以甜吗？,37140729
[不吐不快]好想舔你心的肚脐和小棉裤啊,37140793
[热点事件] 速度进来看3.8最刀剧情,37139974
[热点事件]现在mhy相关的节奏，已经没人讨论事件本身性质了，事一发就是查成分转移矛盾岁月史书,37140895
[热点事件]提问，如果有角色是c罗，那散草有原型吗？,37140874
[热点事件] 出了这些事，米家高层这几天睡不着了吧哈哈哈哈,37140920
[不吐不快]突然想到了这张图,37140982
[不吐不快] 散兵的爆火和鬼子学员火爆猴人气top是不是一个道理,37141046
[不吐不快]想对大伟说,37141070
[不吐不快]乐极生悲氵,37141045
[不吐不快]给散兵ml党安利个类似角色,37141109
[不吐不快]来个猛干哥一图流语录,37141154
[不吐不快] 昨天晚上做了个梦,37141185
[热点事件]试图用猛干哥的话来反驳猛干哥,37141263
[热点事件]现在结晶只能在原神走下坡路和散兵塑造确实拉垮里选择了,37141393
[热点事件] 隔壁铁版是什么反应,37141419
[不吐不快]这就是夏活吗，这可比游戏快乐多了,37141410
[不吐不快]整件事情在我发现有c罗粉夸mhy编剧有品位时达到了好笑的最高潮,37141440
[不吐不快]都快4.0版本了,37141448
[不吐不快]暗中的助力真是个没用的东西,37141441
[不吐不快] 国外的散厨是不是也挺多人退坑的？,37141501
[不吐不快]可以收拾收拾破烂准备卖号了,37141513
[不吐不快] 散兵的“爆火”和鬼子学员火爆猴人气top是不是一个道理,37141046
[不吐不快]xx很重要吗，也就只有你这样的xx厨会在意吧,37141702
[热点事件]拿干哥的b站转发下饭的时候感觉看啥都是乐,37141670
[不吐不快]猛干老师和原神，谢谢你们,37141659
[不吐不快]我怎么感觉丽塔原型可能是博比查尔顿,37141724
[不吐不快]台下闹麻了，台上软脚虾，吃三路资源不打输出，我们原神也有自己的cjb,37141818
[热点事件]心海对不起,37141813
[热点事件] 原神的竞品，不全在二次元或开放世界,37141827
[不吐不快]退坑早，问问迪希雅导致欧美流水暴跌是什么情况,37141890
[不吐不快]提问，原和舟两家粉丝怎么这么个氛围,37141915
[不吐不快]又想起来我之前跟厨子的辩论,37142046
[不吐不快]有没有大佬发一下散厨说的ep里面的小草是什么东西,37142114
[不吐不快] 一个小Tips：神是连着版本复刻的,37142131
[不吐不快]理查的瓜太好吃了，搞得我今天上班都迟到了,37142112
[不吐不快]这次下半流水暴死，绝对只是客观因素所导致的,37142206
[不吐不快]之前没有怎么关注，有没有小草爆典语录合集啊,37142295
[不吐不快]趁里版人多问下，为啥很多女生(or神父？)喜欢自己主推当受,37142323
[不吐不快] 以后3Z出来了你们还玩吗,37142303
[不吐不快] 总结一下,37142140
[不吐不快] 求求mhy出矿换采摘物吧QAQ,37142406
[不吐不快]嗯，朱军可以开始安排前瞻了.jpg,37142475
[不吐不快]现在来看所谓内鬼会对游戏流水造成损失的说法也是伪命题了吧,37142542
[不吐不快]mhy某种程度上真的比tx发展快多了,37142589
[不吐不快]捏马才反应过来，“无羁的漫游”是几个意思,37142619
[热点事件]其实编剧这事没扩散开是好事,37141855
[不吐不快] 你信这位是草厨还是版里的各位都是秦始皇？,37142662
[不吐不快]心海四次复刻，未过一抖，难掩颓势。,37142673
[热点事件]原来很多散厨已经是米黑了,37142726
[不吐不快] 散草99,37142797
[不吐不快]反转了，蝉大师数据，散宝流水再度登顶，打脸散黑！,37142782
[不吐不快] [科普]论原和舟曾经的爱恨情仇,37142833
[不吐不快]散兵的原型是不是科比布莱恩特啊？,37142840
[热点事件] 其他你真的是个赔钱货啊,37142942
[不吐不快]无人在意的角落，只有我还在等千万粉贺图,37142977
[不吐不快]给散兵ml党推荐个角色,37141109
"[不吐不快] 几个号打完3.8的深渊,感觉3.7深渊真是个大败笔",37142869
[不吐不快]我现在的想法就是远离一切争吵，抱着神里和夜兰去幻想另一个世界线的故事,37143047
[不吐不快]不得不说B站上那些讨厌散兵和对剧情不满的人日子过得真艰难啊,37143066
[不吐不快]散兵的原型是不是我詹啊,37143113
[不吐不快]ep是置顶的嘛，还是为了太子的面子,37143150
[不吐不快]贴吧看到的小乐子，散兵用户画像相关,37143254
[不吐不快] 据说隔壁1.3要加体力上限，这里的老哥怎么看,37143247
[不吐不快]散兵ep可不可以看做官方对3.6剧情质疑的回复？,37143282
[不吐不快]综合来看，米哈游就是认不清自己的定位,37143131
[不吐不快]李姓讨论，“也就xx觉得重要”是不是大猛老师职业生涯巅峰,37143391
[热点事件]如果你是3.6文案，如何跟老板解释现状,37143437
[热点事件] 经典回旋镖，观新OST歌名有感,37143432
[热点事件]一天没看里茶馆，有没有吃瓜合集指路,37143474
[不吐不快] 我妹妹玩原神的原因,37143475
[热点事件] 虽然散兵0超抖，但是散厨还是很有含金量的,37143492
[不吐不快] 看了一圈b站对猛干事件的评论，感觉真的好可悲,37143745
[不吐不快]谁比我惨，厨草神，抽了2命赛诺，喜欢看剧情,37143743
[热点事件] 喜报！,37143810
[热点事件] 核算一下，散兵让米哈游少盈利了多少,37143809
[热点事件]怎么回事？,37143917
[不吐不快] 珊fo宫心海连夜发文woyouzui,37143952
[热点事件]草神EP里的晶蝶是什么颜色的？,37143903
[热点事件]赔钱货这个称号，真是不错,37143967
[不吐不快]这个实在是太好笑了，一定要给大伙看看,37144126
[热点事件]原首，出列！,37144130
[不吐不快]其实人米哈游根本不在乎,37144129
[不吐不快]突然发现了一个很神奇的事,37144240
[热点事件]如果立刻宣布重置须弥剧情+给剧情跳过键能挽救当前局面吗,37144246
[热点事件] 在营收体量达到热门电影的水平时，路人盘的重要性就远大于粉圈了，这个常识在娱乐行业中十年前就存在了,37143920
[不吐不快]米能做到肆无忌惮，还是友商太烂了,37144324
[热点事件] 想问下流水的“超抖音XX小时”是什么意思,37144351
[热点事件] 我超，舟,37144389
[不吐不快] 终于被隐力,37144528
[不吐不快]猛干典王要把里版讨论干碎了,37144562
[不吐不快] 振聋发聩！mhy内部应尽快成立独立的道德和内容审查机构及更多质疑,37143333
[不吐不快] 复刻散池0h好像除了散解都在赢,37144578
[热点事件] 其他真晦气，成功污染了猫,37144622
[不吐不快] 又看到了经典友商,37144695
[热点事件]大猛干先生给原神考据的坟头上加上了最后一铲土,37143398
[不吐不快]命运的齿轮开始转动,37144676
[不吐不快]会不会安排雷神和散兵一起复刻给散兵爆金币,37144736
[不吐不快][二创氵]扬眉吐气后总觉得缺了点什么,37144740
[热点事件] 有没有人要来写个《我曾遭遇四次背叛》,37144792
[热点事件]千言万语化为一句，mhy你做的好啊，继续加油,37144838
[不吐不快]好急啊，怎么还没到4.0,37144903
[不吐不快]我认为我心对3.8下半流水贡献比其他大，理由如下,37145005
[热点事件]散猫是什么,37145014
[热点事件] 我不行了，崩版结晶节目效果太足了,37145034
[热点事件]关于散兵ep那个破事，磕散草的到底是不是反串,37145071
[热点事件]3/414约等于0.00725。7月25日里茶香槟节,37145069
[热点事件]雷心池和心甘池的抽取比是多少？,37145200
[热点事件]猛干楼怎么炸了啊,37145231
[不吐不快]结晶在嘬奶，里版在开香槟，散解在爆金币,37145253
[不吐不快]帮被ban的群友抒发一下攻击性,37145319
[不吐不快]乐子氵，话说李猛干是潭友起的外号吗,37145385
[不吐不快] 草神背对散兵也能让人高潮的吗？,37145410
[不吐不快] [安利氵]给看风景/逛街散步爱好者安利个游戏,37145422
[不吐不快] 为什么我真心实意嗑散草cp说我带节奏啊,37145442
[不吐不快]风系散兵已经崩了，雷散解还有希望吗？,37145482
[热点事件] 李猛干这事不会重重拿起轻轻放下了吧,37145514
[不吐不快]看坛友说无羁搜了下，这么重量级的吗？？,37145541
[不吐不快]想到一个很可笑的事,37145487
[不吐不快]以后所有的厨放帖，所有的考据帖，都可以用猛干第一第二定律回复,37145590
[热点事件]突然有一个想法,37145639
[不吐不快]关于给散兵改名limengan会被退回,37145702
[不吐不快]好久没来，芒荒是什么意思？,37145725
[不吐不快]今日一乐,37145784
[不吐不快]大家都在复读猛干圣经，我觉得还可以配合纳西妲圣经一起使用,37145788
[不吐不快] 散解终于意识到散兵喜欢草神了啊，可喜可贺,37145884
[不吐不快]要是后续还有更多散草贴贴的剧情,37145949
[不吐不快]这就不奇怪了？(曹操捡饭.gif),37145987
[热点事件]吵什么吵，就这么一点事,37145960
[热点事件]什么是超抖音xx小时啊,37146073
[不吐不快]所以，原来某人第一次UP抽的人多的原因是……,37146078
[热点事件] 话说有没有老哥改名卡改个理查,37146126
[热点事件]和朋友聊强度，突然惊觉须弥其实只有草神体系和其他体系是完整的,37146080
[热点事件]虽然不喜欢自律人这个话术,37146148
[不吐不快] 其实这次猛干哥和散兵ep也打我脸了,37146140
[不吐不快] 猛干哥这事儿……,37146227
[不吐不快] 最终还是理查背负了nga的名号,37146253
[不吐不快] 猛干哥到底什么成分呢,37146254
[安利氵] [不吐不快] 什么叫赎罪啊,37146500
[不吐不快]感觉编剧这事最幽默的是其他同事是关注他的,37146540
[不吐不快] 纳西妲，这盛世如你所愿,37146534
[不吐不快]经过这几天的事件，我现在居然有点庆幸卡芙卡膜了玛奇玛,37146589
[不吐不快]下次问卷调查是不是可以直接用猛干的语录填了,37146653
[不吐不快]你干得好啊老米,37146883
[不吐不快]这精印怎么也是一股阴湿味啊,37146780
[不吐不快]假设时间倒流回到3.0，迪希雅拿了散兵的剧本，会不会一切都不一样,37146971
[不吐不快]这事很重要吗？,37147095
[不吐不快]快进到下周开前瞻，等不急力！,37147148
[热点事件] 这里是制造信息茧房的图楼,37147225
[不吐不快] 我挺喜欢理查这个外号的,37147292
[不吐不快]有件事想说很久了，你米文案的母语是日语吗,37147287
[不吐不快]看到有一条评论说剧情是部队锅剧情，这比喻绝了,37147459
[不吐不快] 如何跳车,37147529
[不吐不快]谢谢大猛老师,37147594
[热点事件]散厨那边对流水和[散去]节奏的看法,37147626
[热点事件]虽然原学考据已经小丑了，但人偶与神像应该是真的,37147666
[不吐不快]最让我难受的是雷神和心海一起复刻过,37147929
[不吐不快][流水氵]是否可以这么理解剧情强度和流水的关系,37147954
[不吐不快]散兵池挺好的呀,37147941
[热点事件]豆瓣也有人扒了，不过太晚了没扒出啥更乐的,37144729
[热点事件] 给里茶馆的大家推荐一款游戏，龙腾世纪 审判,37148096
[不吐不快] 蚌埠住了，疑似ep里第二处草神,37148114
[不吐不快]我来说一下我在崩三的一些见闻吧,37148093
[不吐不快] 作为一个曾经的博士厨对散解的吐槽,37148117
[不吐不快]真的十分好奇，有没有哪个角色的原型是梅西…,37148149
[不吐不快][不吐不快]吃瓜累了吧，来瓶铁观音奶冻,37148344
[不吐不快]大伙觉得原神近几个版本的活动好玩么,37148425
[不吐不快] 有个说法是蔡浩宇说过 米哈游是一个做内容的公司，不是做游戏的。是真的吗？有出处吗,37148544
[不吐不快]既然提到崩三，我来给大家讲讲我最难绷的崩三终章结尾,37148586
[不吐不快]散解们的叫嚷也不过是些许噪音罢了,37148581
[不吐不快]散兵，草神，单拎出来都能接受。,37136624
[不吐不快]散解对于阿扎尔有一些特别的执念,37148643
[不吐不快]不知道能不能代表普通玩家，不过也讲讲我的故事,37148705
[不吐不快] 怎么什么冷门圈子都歧视我们原友啊？,37148754
[热点事件]今天的流水怎么样？,37148790
[不吐不快] 回旋镖，启动！,37148777
[不吐不快]有人和我一样不在乎剧情也不在乎角色强度但是被3.7按着头打牌弃坑的么,37148774
[不吐不快]从幻塔赛博诈骗联想到给C罗买婚纱,37148829
[不吐不快]恭喜散兵又荣获新称号!,37148914
[同人操作] [热点事件] Shirakami大佬去踩缝纫机了,37148558
[不吐不快] 失恋了兄弟们,37149093
[不吐不快]米哈游修复了我喜欢当剧情党的问题,37149119
[热点事件]命运的齿轮开始转动,37149328
[不吐不快]有些版面之前青蒜,37149433
[热点事件]三姐为什么会觉得和阿扎尔组cp能让喷散的人破防啊,37149421
[不吐不快] 米忽悠为了挽救颓势，林尼必定加强成新天帝,37149455
[不吐不快]大家什么时候决定“再也不厨米家角色”的,37149504
[热点事件] 给里茶馆的大家推荐一款原神代餐，龙腾世纪 审判,37148096
[不吐不快] 原神赶紧加 skip 跳过剧情吧,37149574
[不吐不快]流水对玩家很重要吗?一群流水厨。乐,37149606
[不吐不快]我觉得还是由我来给大家讲讲崩三剧情吧,37149595
[热点事件] 给里茶馆的大家推荐一款游戏，《星际迷航OL》,37149601
[不吐不快]讲实话猛干哥这事不会有任何波澜,37149640
[热点事件] 有个逻辑我确实不太理解啊，仙家军维护散兵EP评论区的方式就是刷散黑段子吗,37149633
[不吐不快] 猜测水：米用心理创造信仰？,37149671
[热点事件] 油管这个专门搬运原版的日本频道也跟进了,37146414
[热点事件]这下真的仙散合流了,36985621
[不吐不快]崩坏神域会到来吗,37149831
[热点事件]知乎沦陷了,37149873
[热点事件]猛干哥的千楼贴点不开是咋回事,37149866
[不吐不快] 说到mhy经常吹的弱软保，我就想笑,37149861
[热点事件]在散ep发“散草99”就会有机器人自动回复,37149899
[不吐不快]昨天猛子语录中最令我蚌埠住的是鸱鸮怪叫,37149925
[热点事件]mhy修复了我存不住抽数的问题,37149942
[不吐不快] 散兵是什么属性我都能理解，唯独设置成风系我就觉得特别无语,37150001
[不吐不快]好烦，米社自己的剧情都不给说,37150008
[不吐不快] 如何评价b友一句话打出四段连招,37150059
[热点事件] 苍蝇小妹其实论锤没有猛干哥这么多吧？怎么没压下来？,37150050
[不吐不快]《散u：我是如何驯化一个正常散厨up的》,37150149
[热点事件]新一批版号没zzz？不会是俩老姐供血不足了吧？,37150196
[不吐不快]突然感觉一阵空虚，找不到抽你游角色的意义了。,37150288
[不吐不快]串到了，哈哈，道爷我串到了！,37150259
[不吐不快] 很好奇，番鼠鉴赏家有没有被开过？,37150362
[不吐不快] 可能火星，关于猛干哥,37150371
[热点事件]诚邀猹们参观虎扑原神区,37150407
[不吐不快]猛干兄的言论比鳄鱼的眼泪更震撼人心,37150469
[不吐不快][不吐不快]60哥是？,37150470
[不吐不快]细雨真的好惨啊,37150548
[不吐不快]当你们骂mhy时，说明mhy做对了,37150578
[不吐不快] id不可以起中文但是可以起英文的猛干君,37150692
[不吐不快] [拙劣模仿] 我们都是特别不受提瓦特欢迎的人,37150690
[不吐不快] 这次散兵ep最大的作用是成功让散解破防了,37150754
[热点事件]珊瑚宫日报,37150855
[不吐不快]我ptsd犯了,37150868
[热点事件] 3d的一位大佬没了,37150992
[热点事件]可以请问一下0h是啥意思吗,37151152
[热点事件] 外服散兵复刻首日抽取量仅有3.3时期的50分之一,37151147
[不吐不快] 不看剧情不推角色能度过一个成功的原生吗？,37151200
[不吐不快] 坏了，阿扎尔取得胜利，旅行者真成小丑了,37150909
[不吐不快] 这第四次背叛你可还满意？,37151230
[不吐不快] 夜深了，进来忏悔吧,37151224
[热点事件]啊，大半夜的又有新活？,37151320
[不吐不快][含粥警告]仙这是在干嘛？,37011756
[热点事件] 有没有算法能把不同时期的痘印流水统一在一起的？,37151393
[不吐不快] 米游社搜索栏下面的近期活动,37151387
[不吐不快]  既然有人想知道散厨的想法。,37151448
[不吐不快] 终于想到了阿扎尔和散草的关系,37151461
[不吐不快]现在抽角色卡是不是像炒股,37151472
[热点事件] 这是在干什么,37151470
[热点事件] 确认下流水,37151489
[不吐不快]兄弟们这算成功了么，改了有一天了,37151560
[不吐不快] 很庆幸自己因为散兵退坑，但说实话2年的游戏生涯就这么结束真不甘心,37151538
[热点事件] 有没有火星救援，李猛干什么瓜？,37151601
[热点事件]好消息！绝区零即将发售午餐肉！,37151642
[不吐不快] 成女恨是否会延续到枫丹甚至纳塔？,37151649
[热点事件] 介绍一下散兵池首日的流水情况,37151662
[不吐不快]瓜版那楼都过5k了,37151674
[不吐不快]瓜版可逮着机会让他们输出一波了,37151674
[热点事件]鸱枭孤歌，这下回旋镖了李猛干,37151763
[不吐不快]所以说太子第二天流水有从0到1吗？,37151771
[不吐不快] [闲聊氵]这里会收容EP破防的正常散厨吗,37151841
[热点事件]观李猛干先生发言及()流水有感,37151905
[不吐不快]生日信件的敷衍是趋势吧,37151964
[不吐不快] 起绰号真的是个技术,37152021
[不吐不快] 大半年前我还对生日信有不切实际的期待,37152025
[不吐不快]感觉我是时候戒主版了,37152053
[不吐不快]这就是散解在流水暴死后对男玩家的态度哦,37152071
[不吐不快] 我大概明白為什麼飯圈那麼重視打榜了,37152082
[不吐不快]好甜，kll,37152144
[不吐不快]报，次日卡池有所提升，已经超过优菈可莉了捏,37152270
[不吐不快] 那些年，我曾追过的美强惨,37151501
[不吐不快] 散草cp怎么又是散黑的阴谋了,37152350
[不吐不快]ep的设计你妈死了，卖你妈逼的cp，不如卖你妈的骨灰吧,37132875
[不吐不快]散兵冲树相关问题,37152508
[热点事件]句句不提，句句不离,37150244
[不吐不快]原来所谓的仙蛆也会辟谣啊,37152639
[不吐不快] if线，如果3.3主线，白送一个散兵，会不会对其风评有所改观？,37152660
[不吐不快] 资深米玩家回顾米哈游在玩家身份问题上的一系列sao操作,37152677
[不吐不快] 我居然也当了一把预言家,37152685
[不吐不快]我3.3就退坑了，想知道最近发生了什么,37152706
[不吐不快]直球推荐刚发现的枫丹建筑的考据帖,37152747
[热点事件]和可莉宝一天生日真的很开心，就可惜生日来信不是派蒙发的,37152756
"[不吐不快] 跳车咯, 玩不来原神大概率是我的问题",37152893
[不吐不快]最近很多事情和争论，与逆水寒有关,37152916
[不吐不快]其实直到今天之前我对散/流和他的粉丝都是纯路人看乐子的心态的,37152908
[不吐不快]直球推荐刚发现的枫丹建筑的考据吐槽帖,37152747
[不吐不快]突然发现须弥的剧情和某西部游戏有异曲同工之妙,37152924
[不吐不快]主板这种贴也能留存我是没想到的,37153037
[热点事件]美好的一天从流水图开始,37153022
[不吐不快]如何评价先驱对抗散草99的“璃月海王”说法,37153093
[不吐不快]突然醒悟，最希望双厨滚出米游社的是不是反而最希望米游社有双厨,37153133
[不吐不快] 看到崩3剧情贴里问为什么乐土剧情那么多人吹,37153115
[不吐不快]笑死哥们了，隔壁其他厨在玩什么2023下克上怎么冲了“世界第一公主ab殿下”都开除散籍了,37153120
[不吐不快]很担心他的肠胃健康,37153170
[热点事件]乐不乐啊，真的泰勒了,37153201
[不吐不快]我还是建议三阶别挣扎了了，看清事实，这两个的绑定程度比你想的高非常多,37153359
[不吐不快]有饭圈那味儿了,37153505
[热点事件]ep评论区看见的，这下菜名有问题都不演了是吧,37153630
[不吐不快]啊不对啊原宝，人逆水寒还在维护呢,37153652
[不吐不快][热点事件]联动忏悔帖的碎碎念,37153766
[热点事件]求大干老师的表情包,37153771
[不吐不快]超！是岁月史书超能力！,37153757
[不吐不快]看散草有感，下一个被创的会不会是阿贝多ml党,37153778
[热点事件]散兵EP下面的和阿扎尔婚礼什么意思？,37153808
[不吐不快] mhy没活了可以咬打火机,37153798
[不吐不快] 看了各大论坛后其实我是很惊讶3.6后居然还能有人在喜欢散兵的,37153937
[不吐不快]谁说的要等周五晚上看流水,37153924
[不吐不快] 其实我是很惊讶3.6后居然还能有人在喜欢散兵的(尤其是看了b站后),37153937
[不吐不快]很怀念刚开始玩那段时间,37154059
[热点事件] 有没有人科普一下猛干哥的起因,37154270
[不吐不快]求求了，mhy,37154262
[热点事件]大贤者粉丝们有福了,37154331
[不吐不快]大猛老师的发言总结图请问有好心人发一下吗,37154389
[不吐不快] 散草有感，这是不是也算一种回旋镖,37154381
[不吐不快] 当时不就贴了很多散兵在欧美人气下降很快的证据，散解还觉得今年割割在外面人气还很高？,37154397
[不吐不快] nga都删帖跑路了，还搁这儿编剧呢,37154598
[热点事件] 观大猛老师有感,37154620
[不吐不快]找了一圈背锅的，最后找到了,37154644
[不吐不快]不省鸱鸮怪叫，妄比鹓鶵清音,37154641
[不吐不快]你米的剧情已经无人不知了,37154832
[不吐不快] 米卫兵老哥退网了,37154860
[热点事件]李乙己,37154919
[热点事件]以前有个采访不是说mhy禁止写手自由发挥吗？,37154981
[不吐不快] 对了，这版本有个啥璃月冒险家去须弥干啥的打怪小活动是不是快开了,37155159
[不吐不快] 对点开原神已经有膈应感了,37155227
[不吐不快] 身边好多人都退坑了，旅途短暂的玩家视角来聊聊。,37155242
[热点事件] 大猛老师锐评 玩家锐评尘世之锁文案,37155220
[不吐不快]有没有跟我一样被沉没成本束缚住，没法潤的,37155377
[不吐不快]哇，我们原神好厉害哦,37155474
[不吐不快]相比去年，今年的夏活地图做的真不行,37155583
[不吐不快]感觉自己恶(？)堕了怎么办,37155638
[不吐不快]6，说了点真话都给懂干到热门去了,37155660
[不吐不快]米家游戏强度迭代也太快了,37155654
[热点事件]李猛干老师这些经典言论已经被岁成洗脑包了吗,37155794
[热点事件]乐，理查已经比主版热度高了，理查一刷全是刚刚回复,37155851
[不吐不快]mhy你怎么懦了呢？,37155898
[不吐不快]大猛老师既然对璃月主线不满，但是对尘世锁很满意,37155933
[不吐不快]虽然知道不太可能，但我还是希望接下来每一个池都,37155942
[不吐不快] 已经没法正常玩游戏了,37155900
[不吐不快]这个可以问吗 我真的很喜欢去年夏活的夜鸦岛 所以...,37155952
[不吐不快]发散一下公子和丝柯克,37155981
[不吐不快]  现在每日任务真是很难了？,37155997
[热点事件] 你原又出圈了,37156040
[不吐不快]其实须弥女角色的设计底子都不错,37155945
[不吐不快] 这是一个树王厨能写出的，最自私的剧情！,37156071
[不吐不快]这种三观不正的被夺舍者可以爬吗？,37156084
[不吐不快] 为什么我不建议任何刚入坑的新玩家在3.8抽散兵？,37156039
[不吐不快](水一下)话说能在崩3拿零食已经是最纯的那一批了吧？,37156115
[不吐不快] [大风机关]六命夜兰当胡桃辅助的话，其实强度是骑在胡桃上的，而且还要射破局矢,37156103
[不吐不快]知乎是纯度过高还是米给的足,37156200
[不吐不快]说实话每次看到搬塔出来都觉得挺搞笑的,37156197
[不吐不快]散姐内部那些拐着弯固粉的PUA带师，你们tmd就是一条野狗,37156288
[不吐不快] 有比翘英庄铺垫的多的地图吗？,37156317
[热点事件] 端上来了，是新一期深渊的散草99,37024826
[热点事件]不懂就问，mhy的梅西哪一个啊？,37156413
[热点事件]乐，崩三up在动态吐槽米忘记初心、散兵流水暴死，被冲道歉,37156485
[不吐不快]补档，讨散檄文,37156697
[不吐不快] 爆笑一刻,37156739
[不吐不快]李李原上草，我发大猛老师的典，你来打分,37156734
[不吐不快] 艹，看到这图没蚌住,37156771
[不吐不快]正常情况水国三个视频和介绍长图现在应该有了吧,37156800
[热点事件][不吐不快]近期热点的某魈主播的舰长群成分真的很杂，有的时候不知道是魈厨群还是散厨群，魈厨攻击散解都要小心翼翼,37156680
[不吐不快]啊？怎么猛老师打分贴没了,37156865
[不吐不快] 咋了，要搞和平入驻那套？,37156867
[不吐不快]B站某up 7 月 13日为了散开始批判大众，乐,37156885
[不吐不快] 口口草厨,37156892
[热点事件] 我草刚才那个帖子怎么没有了,37156879
[热点事件] 编辑了编辑了编辑了,37156879
[不吐不快] 把沟画成午餐肉是什么意思,37157005
[不吐不快]散厨喷米是不是为了挽尊？,37157086
[黑泥氵] [不吐不快] 号召所有被恶心过的稍微行动起来,37157133
[热点事件]猛干楼怎么消失不见了,37157131
[不吐不快]散厨给了散兵第四次背叛,37157212
[不吐不快] 你以为现在她们真的只是帮萝莉打抱不平吗？,37157274
[不吐不快]？啊 我猛老师帖子才10条回复怎么就没了,37157246
[不吐不快]猛老师帖子秒锁啊？,37157329
[不吐不快]3.6活动送珐，3.8活动送莱，再送个班试用队就齐活了,37157341
[不吐不快] 开始了开始了和大猛老师的帖子开始消失了,37157348
[热点事件]众所周知，禁忌知识是无法通过世界树彻底抹除的,37157432
[不吐不快]中途退网了一段时间，发现泥潭怎么大变样了,37157475
[不吐不快]怎么又没了,37157585
[不吐不快]玩家的不满情绪是逐渐放大的，压的越狠最后只会弹得越高,37157696
[不吐不快]日常氵，猛干了一天好累啊,37157727
[不吐不快]可以在这里浅槽一下未定吗,37157779
[不吐不快]为什么散厨不值得同情,37157887
[不吐不快]大干老师是不是实锤米哈游以往操作就是想恶心玩家,37157888
[不吐不快]既然主版屏蔽理查的贴，为什么理查还要受制于主版版规,37157976
[不吐不快] 我现在就是很期待看到枫丹强度膨胀然后继续暴死的一天,37157951
[不吐不快] 說實話 如果出神奇的第八第九元素 你們怎麼看,37158083
[不吐不快] 仔细一想，散兵人气虚高证据还挺多的,37158115
[不吐不快]我觉得原神流水和玩家对枫丹角色的预期有很大关系,37158169
[不吐不快]想问一下散兵在外网的热度到底怎么样,37158246
[不吐不快]五个帖子了,37157953
[热点事件][热点事件]都住嘴！！,37158379
[不吐不快]抨击menggan哥哥的帖子瞬间锁隐了,37158404
[热点事件] 如果别的厂商爆出一个这样的编剧会怎样？,37158177
[不吐不快] 双标大概就是这样了,37158519
[不吐不快] 最后还是会无事发生,37158620
[不吐不快]假如mhy要优化人,37158627
[不吐不快]乐,37158647
[不吐不快] 卡厨3.6对散解的不满,37158726
[热点事件]散兵抽取数大概率不如优菈,37158882
[不吐不快] 如果能跳过剧情那现在吐槽其他的人会不会少一点,37158955
[热点事件] 伞和草的瓜有点没吃明白 伞厨为啥不满意马哈鱼端上来的伞草糖啊,37158969
[不吐不快]  米哈游：饭圈化出海与工业化提纯,37159002
[不吐不快]b站是真能洗啊,37159136
[不吐不快] Yesterday once more,37159382
[不吐不快] 怎么了，看见xx你们怎么不笑了这梗图非常搞笑,37159418
[热点事件]问一下晶核好玩吗，氪吗,37159584
[不吐不快]都说原的剧情烂，有没有剧情好的手游和单机推荐？,37159703
[热点事件]论二次元，还是腾讯更胜一筹,37159720
[不吐不快]比较好奇每个大版本的制作周期是多久,37159785
[不吐不快]秋圣的6万楼散兵考据帖还有人在删评,37160003
[不吐不快]难道他真是个天才,37160118
[不吐不快] 开服至今，原神还有什么在吸引你玩和氪金？,37160140
[不吐不快]喜提三阶认证捏,37160271
[热点事件] 测测理查的逻辑能力时刻来了,37160362
[不吐不快]后劲上来了，隔壁文案确实有两把刷子,37160434
[不吐不快]2.8版本，两个池子尚且能超抖音合计87小时,37160520
[不吐不快]有的三阶是真的闲,37160791
[不吐不快]枫丹还没开始，已经审美疲劳,37160905
[不吐不快]我时常觉得蔡浩宇根本没管原神这一年多的原神研发。,37160924
[不吐不快] B站怎么还给我推这个,37161068
[不吐不快]不愧是大猛老师，爆典语录真是太强啦,37161063
[不吐不快]ep下面是开始火力覆盖了？,37161215
[不吐不快]它急了它急了，马哈鱼真的急了,37161245
[不吐不快]mhy对调查问卷的回应是……,37161266
[不吐不快] 各位会不会对午餐肉太苛责，也许mhy只看过午餐肉,37161283
[不吐不快] 各位会不会对午餐肉太苛责，也许mhy自己就是午餐肉,37161283
[不吐不快] 突然在想，须弥多男角色会不会有服装事件的原因,37161373
[不吐不快]崩三最近有啥好活吗？,37161386
[热点事件] 散兵才是原神的救世主,37161447
[不吐不快]想起来“我给c罗买婚纱.jpg”还是觉得很好笑,37161482
[不吐不快]现在是2023年7月27日19点53分,37161587
[不吐不快]现在mhy真的可以说是“超凡脱俗了”,37161712
[不吐不快] 这下真的是玩原神玩的了,37161732
[不吐不快]现在原的IP联动价值缩水了吧,37161899
[不吐不快][乐子氵]xx哥算不算带来一种态度就是,37161924
[热点事件] ep评论区太精彩了，独轮车对冲,37162007
[不吐不快]我一直觉得那些说深渊加温就能逼氪其实蛮搞笑的,37161997
[不吐不快] 补完进击的巨人第四季后的感想,37162057
[热点事件]这图我必须发这里来给大伙看看,37162065
[不吐不快] 其實如果真走下坡只能是玩法出了問題吧,37162130
[热点事件]求求了,37162226
[不吐不快] 共创模式才是手游的未来,37162262
[不吐不快] [询问氵]昨天看到一个帖子,37162362
[不吐不快][热点事件]Taptap出这几天的新闻了,37162381
[不吐不快] 突然发现原神的cp,37162673
[不吐不快]说到联动，mhy最喜欢的带货联动，什么时候派散兵去做啊？,37162756
[不吐不快]刚刚在听五月天,37162853
[不吐不快]散草的婚后生活,37162907
[不吐不快] 一条条列散厨因为ep而突然破防的根本原因,37162973
[不吐不快]弃原之后老哥们选择了什么,37163032
[不吐不快]有没有什么不太动用脑子的单机玩啊(没有好tag可以选),37163179
[不吐不快] 圣遗物占格子不增加了，这就是个数字也不给加吗？,37163207
[不吐不快]还有19天劳务合同，总算马上就能自由了,37163233
[不吐不快] 隔壁看到的关于2022米的流水和收入，我脑子咋转不过圈呢,37163292
[不吐不快]查询流浪者销量,37163396
[不吐不快]看看散厨嘴硬流水甩锅的乐子,37163379
[不吐不快] 其实对我杀伤力最大的还是跑车事件,37163444
[不吐不快]想想猛哥就很乐,37163659
[不吐不快]能把早期纳西妲这么可怜可爱的好人设糟蹋成现在这副德行怎么不算一种我们mhy有力量,37163669
[热点事件]大猛老师不会真是沪N99999的垫子吧,37163699
[不吐不快]把磕散草的cp人刀了能有几个草厨和散厨,37163696
[不吐不快]事已至此，桃一个剧情回退有可能吗,37163830
[不吐不快]这就是手综区的人的水平么,37163835
[不吐不快]我喊散草99被反驳了，我用的截图原帖在哪有坛友知道吗？,37163818
[不吐不快]推荐一点和原神各国取材的时代背景类似的游戏吧,37163923
[热点事件]mhy竞速买商单是个什么情况,37163912
[不吐不快] 为了大世界抽散兵的一定要确认自己好的就是这一口,37164103
[热点事件] 为了防止理查造谣，我问一下，沪N99999实锤是蔡的车了吗,37164123
[不吐不快]她们是真爆不出一分钱啊,37164117
[不吐不快]KEY社作品和mihoyo系列的对比,37164161
[不吐不快] 诸君，有什么美术风格比较独特的手游or对电脑配置要求不高的单机推荐吗,37164171
[热点事件]说起来，那个庆祝散兵复刻的免费大屏呢，有下文吗,37164255
[不吐不快] 所以现在玩家电子斗蛐蛐都是马哈鱼买商单挑唆的是么,37164264
[不吐不快]事已至此，只有世界树能让大伙回到3.2的状态了,37164370
[不吐不快]从强度角度联动下我散原型詹姆斯说,37164582
[不吐不快]猛然发现()这个推广下面用的是绫华的台词…,37164595
[不吐不快] 说实话真的有点难受，某人的技能组真没这么垃圾,37164842
[热点事件] 继懂哥之后，番鼠也开团了,37164818
[热点事件]瓜综版的大人们的现状,37165117
[不吐不快] 仲夏夜愚戏(带ooc),37165094
[热点事件] “已有处理”哈哈哈哈哈,37165138
[热点事件]又一枚散草强力弹药,37165237
[热点事件]突然想知道大伙平时除了在茶馆，还会在哪里骗吃骗喝,37162714
[热点事件]草神眷属难道是兰纳罗！？,37165237
[不吐不快]有一说一，如果看大纲，散艹不是很甜吗？,37165320
[不吐不快]表达一下最近的感想,37165342
[不吐不快]只能说天下苦散兵和3j久矣,37165387
[热点事件] 为了防止传谣，我问一下，沪N99999实锤是蔡的车了吗,37164123
[不吐不快]这算不算一种人形鸵鸟,37165545
[不吐不快]带萌新带破防了，萌新很礼貌但我破防了,37165645
[不吐不快]主板肉眼可见的凉,37165650
[不吐不快]生于2008，火山爆发，648/328/198，全都滚吧,37165660
[不吐不快]话说业界人士下场否定同行这事,37165683
[不吐不快]“每当你觉得原神拉了的时候，就看一下这个pv”,37165701
[热点事件]番鼠和老懂开始下场了,37165732
[热点事件]为什么流水视频包括番薯，懂哥的视频评论区没有什么仙独轮车？,37165784
[不吐不快] 收到一封很独特的官方邮件,37165856
[不吐不快]这次大猛干典王真是薄纱厨子,37165910
[不吐不快] 那个穿模鬼脸BUG是不是永远不会修复了,37165923
[热点事件]我草我真的笑吐了哈哈哈哈哈,37165927
[不吐不快] 稍微认真点说，猛干哥的兴趣领域其实在某种程度上暴露了米哈游的创作基调和行为底层逻辑,37165992
[热点事件]ab第一时间为什么切割xy而不是魔怔三界？,37166020
[不吐不快]以后的日子可能更加不好过,37166086
[不吐不快]理性讨论，要是在散兵身上浪费的剧情资源划给别人,37165713
[热点事件] [不吐不快] [破事氵] 求求大家别发龙图了,37166165
[不吐不快]以过往的经验来看，枫丹触底反弹的可能性还是很高的,37166177
[不吐不快]总有百合豚收不住味想给ML女角色凑CP,37165462
[不吐不快] 李猛干都污染过哪些剧情？,37166236
[不吐不快]你们想要原崩联动是吧，安排上了,37166280
[不吐不快] 后妈茶话会,37166253
[不吐不快]手综区的二次元浓度只能说有点搞笑了,37166390
[不吐不快]今天大清早去逛易恒泰，结果看到了大便,37166432
[不吐不快] 关于新的调查问卷,37008898
[不吐不快] 不知道该不该说，其实我也不希望我推在米家文案那里拿到太多剧情和文本,37166569
[热点事件][热点事件]这……是商单吧,37166794
[不吐不快]七圣召唤听说挺烂的，会不会是故意的？,37166922
[不吐不快]暴论：后悔没早点儿玩原,37167110
[不吐不快] [不吐不快] 你原有的“反派厨”真是玩原神玩的,37167308
[不吐不快] 真的会有沉默的大多数吗,37167502
[不吐不快] 还真有人信十亿用户沉溺的原宇宙啊？,37167676
[热点事件][不吐不快]理性讨论，原神须弥的剧情是哪个ch写的,37167847
[不吐不快]有人和我一样脑子被李猛干破坏的吗,37167882
[热点事件] 如果作者署名的话，会不会有猛干哥的粉丝,37167931
[不吐不快]我发现散兵可能陷入一个剧情死局,37167926
[不吐不快]我的好心情从看到散草结束,37167952
[不吐不快]求下考据李猛干当时说的是真希厨还是假希厨,37168085
[不吐不快] 棒子国这游戏我是支持的,37168101
[不吐不快]求问，之前看到一个买量的数据图，原神排第一,37168272
[不吐不快]我心的晚安贴在一众()的晚安贴里面显得格格不入,37168237
[不吐不快]分享吊图一张,37168288
[不吐不快] 理查多少人知道3.3当时在外网闹的也挺大的,37168582
[不吐不快] 会不会散兵剧情引起这么大争议就是编剧想要的,37169007
[不吐不快]大概说一下猛干哥的资历,37169035
[不吐不快] 怎麽结晶总喜欢把屎盘子扣在别人头上,37169010
[不吐不快] 无聊，创作一下,37169146
[不吐不快] 你挑的嘛，偶像！,37169146
[不吐不快] 自从散宝流水寄了之后，被骂我都不生气了,37169245
[不吐不快] 不是开放世界不好玩了,37169507
[热点事件] 为什么只有米是技术宅公司人设？,37169525
[不吐不快]米的审核机制形同虚设,37169642
[不吐不快][不吐不快]突然想起崩3活动有一幕了,37169637
[热点事件]关于原的网页活动，请问一下各位前端大佬,37169667
[热点事件]这是啥东西?联动?,37169687
[不吐不快] 其他的流水已经凉了，剩下唯一让我担心的就是七圣召唤了,37169720
[不吐不快]乐，这样到底是算毁灭命途还是欢愉命途,37169849
[不吐不快][乐子氵]有人统计了在tx收购key社视频下的成分,37169996
[不吐不快]全平台删号是真的有用,37170009
[不吐不快]怎么烟绯贺图不是午餐肉了，是因为是请的画师画的不敢动吗,37170039
[不吐不快] 问个问题，怎么屏蔽相关tag？,37170120
[不吐不快]米社对线后突来感觉写的散草文，建议还喜欢草神的别进来,37170171
[热点事件]你好，这里是违禁词提醒小助手,37170233
[不吐不快] 真以为能出夜兰毕业头呐？,37170290
[不吐不快] 这次活动不能看怪物配置？？,37170397
[热点事件]没太理解散姐的同担心态,37170381
[不吐不快]主板笑话来了,37170394
[不吐不快]我要帮三阶挽尊,37170447
[不吐不快]对不起但真的太好笑了,37170417
[不吐不快]剧情越多角色塑造越炸裂的底层逻辑是不是没有我们想象中的那么复杂,37170511
[不吐不快] 散兵剧情的上线时间会不会是精心设计的?,37170577
[不吐不快]真没想到手综的人还能找到赢的角度,37170696
[不吐不快] 猛干哥给我恶心的同人不想写了,37170745
[热点事件]“米哈游总体的价值观是积极向上的”,37170857
[热点事件]玩米让我变得崆峒,37170857
[不吐不快]主板笑话也不能发？,37171019
[不吐不快] 须弥策划真是天才,37171004
[不吐不快] 玩原神的小孩确实很多啊,37171061
[不吐不快]ab发道歉视频了,37171143
[不吐不快] 我是真心磕散草的啊,37171159
[不吐不快] 从崩三时期开始，米哈游一旦想碰瓷现实剧情就烂掉,37170469
[不吐不快] 我其实很奇怪隔壁为什么会有ML党，有人能跟我讲讲吗？,37171461
[不吐不快] ny还在给赔钱的↓-货买热门啊，真的是大赔特赔捏,37171493
[热点事件]散兵也算是被米一步一步推到现在的境地了,37171522
[热点事件] 从大猛老师这件事，来简单地分析一下策划的心理吧,37171560
[不吐不快]米游社这是出叛徒了啊,37171690
[不吐不快]有没有那种男女角色都卖ml的单机游戏啊？,37171858
[不吐不快]剧情真的有那么重要吗？,37172045
[不吐不快]Pan拿拿就今日凌晨有关魈的言论道歉,37171942
[热点事件]玩米治好了我的崆峒,37170857
[不吐不快]突然意识到上一个女限5还是3.2的时候,37172342
[不吐不快] 突发奇想，假如把其他写死了,37172377
[不吐不快]说起来我今天去chinajoy，感觉雷散数量和风散持平,37172369
[不吐不快] 如何评价散厨用againwhy拉踩xy的行为,37171991
[不吐不快]啥时候给赔钱货出改名卡功能啊,37172597
[热点事件]完了，臣等正欲死战，殿下何故先降 公主殿下滑跪了,37172676
[不吐不快]刷视频看到的,37172754
[不吐不快] 米忽悠应该对腐解和饭圈的爆米能力心里有个数了吧？,37172813
[不吐不快]可惜我不喝酒,37172820
[不吐不快] hy还在给赔钱的↓-货买热门啊，真的是大赔特赔捏,37171493
[不吐不快]现在b站看到米相关的装扮,37173011
[不吐不快]没玩过崩三，爱莉装扮能代表什么吗,37173008
[不吐不快]感觉还在对米哈游望闻问切的有点不懂老中医了,37173047
[不吐不快]hy内部最喜欢的球员是谁,37173296
[不吐不快]刚刚看了ab的道歉视频,37173294
[热点事件]最近b站把原神启动翻新了,37172953
[不吐不快] 溜溜球,37173462
[不吐不快]是不是“原神”这个名字的设定都已经被吃了？,37173487
[不吐不快] 人麻了，我的B服号感觉要没了,37173465
[不吐不快]这群13文案真是糟蹋了米家这么好的音乐,37173515
[不吐不快] 我就不明白了,37173559
[不吐不快]理性评价，把厂家看成自己的啥必淘气儿子，还是把自己看成厂家的忠犬,37173653
[不吐不快]感觉原开放世界都快比不上逆水寒了,37173772
[不吐不快] 米哈游对鬼的态度？,37173936
[不吐不快] 米哈游对梦的态度？,37173936
[不吐不快] 其实我挺好奇，玩个二游就自认二次元了吗？,37174018
[不吐不快] 散兵剧情还有一个逆天之处理查没意识到,37174054
[不吐不快] [不吐不快] 事情很大，大猛老师好像把我这老二刺猿的大动脉捅了,37174248
[热点事件]虽然号会不干净，但还是想问问这里就是核弹遍地走的理查吗,37174357
[不吐不快]以后米哈游是不是只做一般向了,37174382
[不吐不快]感觉药丸，没法好好喜欢角色了,37174703
[不吐不快] 已经被这个油膏背刺好几次了,37174733
[不吐不快]有无人总结下李猛干的瓜啊。。,37174765
[不吐不快] 联动足迹，黑丝小男孩不是早就有的设计了吗,37174734
[不吐不快]现在是不是可以给其他的剧情下定论了,37174961
[不吐不快][已打码]三姐的活是真的密之3.3就抽满命了,37175009
[不吐不快][玩原玩的] 外面有个猜3.8大改过的贴子太有意思了,37175074
[不吐不快]切身感受到mhy对结晶提纯的水平了,37175115
[不吐不快] [热点事件] 标题没想好，关于猛子哥，随便写点吧。,37175133
[不吐不快]怎么哪都能看见其他厨啊我服了,37175120
[不吐不快]感觉不如0h,37175225
[热点事件] 围观的仙别在岁了，先读个专升本吧,37175321
[不吐不快]公众号看到的，有点难绷,37175183
[不吐不快]话说血牙酱和0101是？,37175570
[不吐不快]年轻人的第一款期货交易诈骗手游,37175755
[不吐不快]刷贴吧看到的,37175821
[不吐不快]目前这游戏仅剩下的乐趣大概就是没个版本填一两次问卷了,37175899
[不吐不快]急急急，怎么4.0前瞻短片还不发，马上都快开了。,37175928
[不吐不快]好像散兵的平均练度真的不高,37175917
[不吐不快]原神新角色预告也快了吧？,37176130
[不吐不快] b站热门真是，硬推太子真恶心啊,37176189
[不吐不快]看到有散厨跑去联机串门儿问别人对散兵的看法,37176384
[不吐不快]担心小草的婚后生活,37176513
[不吐不快]笑死我了，显然答案已经有了,37176586
[热点事件]提到玩家对须弥角色的不满，基本所有人都会提到迪希雅这个策划故意做弱恶心人的设计，那如果迪希雅后续所谓售后是给编剧最爱的小男孩当工具人辅助呢，会有人捏鼻还是二次破防,37176572
[不吐不快]掐指一算又到下一个大药出现的时候了,37176613
[不吐不快]p站改版之后可以看见搜索排行榜了,37176649
[不吐不快]现在最大的希望是内部最好真的爱林尼，超爱那种！,37176671
[热点事件] 妮露传说任务算不算对李猛干先生的回旋镖,37176726
[不吐不快] 今天里茶的热门话题是林尼吗，那我也来水一贴，预估林尼池子开了之后会有这样的帖子,37176775
[不吐不快]想起雷雨是骂角色凉的，现在发现米家的角色玩家骂不得，策划就随便搞,37176812
[不吐不快] 一年多没女限五反而是最小的问题,37176846
[不吐不快] 有些事情拖得越久，越是一个此消彼长的过程,37177278
[不吐不快] 事实证明，不是掉书袋用用生僻字就能显得自己很牛掰姿势水平有多高的,37177306
[热点事件] 都在看sb的流水，我倒是想知道过几天卡芙卡的流水怎么样,37177304
[不吐不快] 虽然我讨厌散兵，但是我还是好喜欢纳西妲，纳西妲在我眼里就像是女儿一样，就算妲宝再坏也是我用一个个648养大的，这种血缘关系就算米哈游倒闭也不能斩断。,37177513
[不吐不快]比起钟离事件和崩三兔女郎轰轰烈烈的炎上，现在粉饰太平的样子才是最致命的,37177534
[不吐不快]其实ml和CP想要两手抓是可以的,37177532
[热点事件]问下，逆水寒手游可以在pc上面玩吗？,37177596
[不吐不快]有时候也很羡慕看到猛干哥语录还选择相信mhy的人,37177642
[不吐不快]b站真的，我哭死，他还是那么爱米哈游,37177728
[热点事件]用实战嗑官方ep的cp,37177844
[热点事件]原来稻妻文案真的有李孟安,37177864
[不吐不快]救命，烟绯这还是人腿吗,37177868
[热点事件]原来稻妻文案真的有limengan,37177864
[不吐不快]请让我穿越到水神长这样的世界线please,37177904
[不吐不快][不吐不快]这几天高度玩儿逆感觉和原最大的不同就是NPC的代入感,37177943
[不吐不快]散姐真的是会岁-岁到红迪去了,37178019
[不吐不快]某个宵宫火伤对火使徒弱点击破的视频评论区承包了我一天的乐子,37177807
[热点事件] 由猛干哥称赞尘世锁联想到很多男作者的厕品感情戏，搞不好内部文案真是在搞CP的精神状态下写出散草的,37178323
[热点事件]蚌，都升堂到红迪上了,37178351
[不吐不快]猛干哥言论是不是把开脱的退路也给堵死了？,37178345
[热点事件]来人整理一下米哈游真实面目，红迪舆论争夺战开始,37178404
[不吐不快]说实话这一系列事件看起来颇有种911的荒诞感,37178486
[不吐不快]说实话这一系列事件看起来颇有种911的不现实感,37178486
[不吐不快]我发现 赔钱货 这词的杀伤力，的确是相当巨大,37178565
[不吐不快]蛤蛤好好笑呀。,37178554
[不吐不快] 烦恼于如何出脑？快来把游戏签名换成猛干语录吧,37178790
[热点事件]只有多崩掉几次，赚不到钱的时候，他才会听。,37178815
[不吐不快]为什么很多女玩家不喜欢浑身肌肉高大威猛的猛男，喜欢细皮嫩肉矮不拉几的细狗,37178856
[热点事件]不得不说大猛老师这个太厉害了,37178920
[不吐不快]手综发言真是笑得想死,37178940
[不吐不快]猛干老师语录上了小红书后，一天破防了我列表七个老板,37178998
[不吐不快][游戏杂谈]纠结了半天要不要下武器池然后….,37179044
[不吐不快]我朋友家的熊孩子跑去别人家捣乱了,37179059
[不吐不快]既然散加解是禁词,37179141
[热点事件] 猛干老师一事让我好想请mhy把这群文案留下来,37179166
[不吐不快]好作品的爱人是时间,37179324
[不吐不快]暴论：赔钱货就是C罗！,37179306
[不吐不快] 粗略对比下各平台数据来感受下散解的发声能力,37179304
[不吐不快] 粗略对比下各平台数据来感受下散厨的发声能力,37179304
[不吐不快] …散解们是不是没搞清楚Scara和Wanderer在外网的区别？,37179524
[热点事件] 现在对线真方便,37179577
[不吐不快]洗脑包一个接一个碎掉了，这下散草连宅男破防都不是了,37179606
[不吐不快] 猛干对二次元造成的伤害堪称前无古人了,37179587
[热点事件]玩原总有一款语录适合你,37179729
[不吐不快]长草期了？下一个活动不会真是前瞻吧,37179310
[热点事件]这次的瓜哪里有整合贴呀,37179780
[不吐不快]我说实话，有些草神厨子真的别出来臊皮了,37179814
[不吐不快] 虽然之前都嘲笑某韭学原,37179830
[不吐不快] 散解们不会以为魈，万叶，绫人等人在欧美人气很低吧？,37179897
[不吐不快][热点事件]猛干语录是好事,37179955
[不吐不快] 这b游戏到底还出不出色气美少女了,37179971
[不吐不快] 太子和三姐怎么不去死啊,37180020
[热点事件][散草99] 恋活大佬进，哪里能下到散兵的人物卡和mod,37180139
[不吐不快]继你老婆是c罗之后另一大戏,37180135
[不吐不快] 吐槽一下须弥的地图设计,37180174
[不吐不快]红迪洗脑包话术,37180304
[不吐不快] 这圣骸兽怎么在活动里也着么初生,37180061
[不吐不快]最让我O的不是标题而是下面的投票,37180389
[不吐不快]纪行是不是可以多加一点,37180441
[不吐不快]自从小心海镇压邪祟厚后，越来越期待下个版本的乐子了,37180497
[不吐不快]理查来背负,37180563
[热点事件]怎么忍心怪你犯了错？给大家科普下舔狗心态,37180550
[不吐不快]怎么还有人觉得种门0夜比6行强啊,37180564
[不吐不快]今天12点想刷一下米游社资讯看看有没有大的，然后就点进了壁纸放送。。,37180501
[不吐不快]为什么动用世界树洗白，要责怪散兵？,37180582
[不吐不快]以后谁在说编剧带着镣铐写作我笑谁,37180702
[热点事件] 说到皮套，隔壁可可丽亚可能皮套了火影,37180774
[热点事件] 说起皮套，隔壁可可丽亚可能皮套了火影,37180774
[不吐不快]教你如何把大猛干语录加入nga表情,37180762
[热点事件]以前感觉氪金母猪是玩家互相攻击，现在感觉猛干他们真的这么认为,37180488
[热点事件]Reddit的帖子不应该归到蒸汽鸟报版吗,37180919
[不吐不快]去reddit搞友邦惊诧的国人玩家，我给你们一个突破口,37180913
[不吐不快]厨其他厨的,37180915
[不吐不快] 怎么还有人怂恿去红迪和伞姐对骂的,37180942
[不吐不快]特地跑到国外用Toxic形容国人是什么成分？,37181082
[不吐不快]出脑后回看散草,37181105
[不吐不快]老米没白养社区运营啊,37181121
[不吐不快]我佛了，这个sb视频挂我热门整整2天了，凭什么。,37181107
[热点事件]猛干老师语录的合订本有人还存着么,37181171
[热点事件] 猛干老师的话红迪有人搬运吗？,37181200
[不吐不快]散厨跑到国外红迪升堂，是几个意思？？？,37181212
[不吐不快]其实看隔壁红迪帖散厨会这么做倒是很符合他们的心理,37181269
[不吐不快] 好奇，以后被骂殖人，是不是他们又要澄清自己是温和派了,37181125
[不吐不快]出脑后回看散草，其实还是挺甜的,37181105
[热点事件]希望mhy能守护好这批来之不易的粉丝群体,37181437
[不吐不快] 散解狡辩流水低的洗脑包+1：散厨被害得内部分化了,37181463
[不吐不快] 每当这里快没活的时候总有人能送上来新的,37181478
[不吐不快] 卸载原神的第31天，好像吃到了更多原神的瓜呢,37181490
[不吐不快]现在散厨有家了，以后谁再来nga就让他们滚回红迪,37181643
[不吐不快] b站web端有拉黑功能吗,37181629
[不吐不快] 圣骸兽真是畜生啊,37181696
[不吐不快] 谁有paimon网最新的心海散兵抽取图，创作欲起来了想做个表情包,37181700
[热点事件] 在红迪发帖的人是一个真正的汉奸(多图，有证据),37181840
[热点事件] 编辑：reddit热帖表情包做好了,37181700
[不吐不快] 不氪金+不玩+吃瓜吃完吐口痰就走才是最正确的支持我们mhy的方式,37181952
[不吐不快]运气实在是不太好，给我抽出最坏的结果了,37181966
[不吐不快] reddit原神区热帖:国人控诉CN毒瘤社区,37179017
[不吐不快] 前面忘了，后面忘了，总之午餐肉,37182142
[不吐不快]尝试寻找一个回复,37182222
[不吐不快]这次活动会不会是给三路深渊做准备？,37182259
[热点事件] 笑死了，外网aoe全中国是虐猫人，结果真汉奸仙女自己爆了,37182295
[不吐不快]半年前：众所周知，米哈游是一家misogynistic公司！,37182342
[不吐不快]刷水仙套让我的心态出现了一丢丢变化,37182367
[不吐不快]夏活活太密了，我本以为猛干节是巅峰,37182415
[不吐不快] 原神3.8的夏活是不是太肝了啊？,37182411
[不吐不快]半年前：众所周知，米哈游是一家厌女公司！,37182342
[热点事件] 我来补一下完整链条，怒斥CN社区是毒草的那位，就是个纯纯的罕见,37182291
[不吐不快]所以散雏对宏迪那贴，她们的反应是啥,37182444
[热点事件]给网信办举报这个汉奸能不能锤一波mhy,37182246
[不吐不快]发现我推的文案可能也跟limengan有关，这下彻底出脑了,37182501
[不吐不快] 微联动赔钱货,37182568
[不吐不快] 喜欢纳西妲的同志们，再不站出来就晚了！,37182574
[不吐不快]米娜桑，你们有别的内部人员在看吗？再来点料吧,37182606
[不吐不快]这下性转猛干哥了,37182617
[不吐不快] Reddit贴子翻译,37182616
[热点事件]海虎2：世上最赔钱的人,37182685
[热点事件][不吐不快]如何评价某些魔怔反涩涩人士,37182728
[不吐不快]抱歉，有关刚刚这个贴,37182704
[不吐不快] 我就是喜欢纳西妲，怎么了嘛？,37182840
[热点事件]告状贴的感想就是米哈游实在太牛了,37182838
[不吐不快] 什么？还有幸存的雷散解吗？求粮啊,37182844
[不吐不快]不是很懂,37182924
[热点事件] 噗，亲们，快去b站看米家同人视频，葫芦没有删完,37183029
[热点事件] 太好玩了，我就是为了理查才玩原神的,37183026
[热点事件] 话说这年头会用百度的人这么少了吗,37183205
[不吐不快]这是开始急了吗？,37183210
[不吐不快] 兄弟们，开岁！,37183254
[热点事件] 求推荐紫毛高冷御姐,37183259
[不吐不快]典中典回顾之原神散兵超话,37183258
[热点事件]战火扩大，3j继续发挥岁月史书当平a用的能力,37183349
[不吐不快] 谁说原神的3.8夏活没有泳装！三款皮肤随活动解锁！,37183465
[不吐不快]里茶馆呆久了告诉我们遇到奇葩言论要及时截图,37183485
[不吐不快]回顾一些历史,37183489
[不吐不快]发现狗随主人,37183531
[不吐不快][不吐不快]米哈游：版本宣传图我放了4个人，你猜猜谁没被邀请,37183798
[不吐不快] 其他含量真是越来越高了,37183813
[不吐不快] 突然想分享一篇关于散兵的分析，倒是很大程度上启发了我,37183781
[热点事件]该说是这里进展太快了还是其他地方反应太慢,37183973
[热点事件]里版已经蒸蒸日上了,37184119
[不吐不快]破防前草厨敬告各位理查版友,37184232
[热点事件] B站搬运了红迪帖子，很快啊,37184120
[不吐不快] 枫丹的剧情值得期待吗？,37183874
[不吐不快]怎么会是呢，别的地方对nga看法是黑子聚集地,37184316
[不吐不快] 给枫丹情况算了一卦,37184354
[热点事件] 罗哥和()是同一人的又一力证,37184351
[不吐不快]技 术 宅 拯 救 世 界,37184348
[热点事件]里版会不会复刻原神的发展史,37184379
[不吐不快]多少帖子没了,37184407
[不吐不快]面对罕见同担，三姐的反应是….,37184569
[不吐不快]漫展上看到枫散cos了,37184725
[不吐不快]你以为的原神考据和真实的原神考据,37185055
[不吐不快]舆论战有什么用啊...,37185093
[不吐不快]这下得羡慕人家了,37185187
[热点事件] 有三阶把NGA今天的帖子又搬到红底并声称NGA“人肉”某罕见贴主,37185208
[不吐不快]感觉老米完全不在乎流水的样子,37185204
[不吐不快] 不客气的说一句，从文案写的后期散兵对丹羽的感情来看，原的文案的感情观也是极其有问题的,37185168
[不吐不快]你这个极品冰伤杯强化了吗？,37185386
[不吐不快]nga怀念??÷吗,37185358
[热点事件] Zoe女士的厌女男是什么意思？,37185433
[热点事件]里版这就走向世界大舞台了？,37185505
[不吐不快] 這個夏活誰肝得動,37185543
[不吐不快]我赌枫丹比不可能触底反弹，输了我吃显示器并且roll十张月卡,37185606
[不吐不快]太好看了。o里版pvp,37185595
[不吐不快] 游戏不好玩了，强度不想追了，XP对不上了，氪金没必要了,37185649
[热点事件]红迪文章里的这两句话我有些疑问,37185636
[热点事件]避雷一个闲鱼千好评的科技代肝,37185781
[不吐不快]手综说崩2剧情很好？,37185811
[热点事件]有没有英文好的老哥帮红迪指个路？,37185810
[不吐不快] 提醒想打外網輿論戰的玩家,37185876
[不吐不快]哪怕原神以后以超神姿态回归,37185915
[游戏杂谈][不吐不快]水国真能重新燃起对游戏的激情吗,37185905
[热点事件]所以虐猫那个事是怎么一回事,37185954
[不吐不快]我做的对吗？,37185974
[不吐不快]fes展相关,37185987
[不吐不快]今天打开背包看到琳琅满目的小道具,37186006
[不吐不快]好像枫丹也支棱不起来了,37186122
[不吐不快]  百足之虫，死而不僵，期待原神加速出海,37186159
[热点事件] 你别说，红迪已经有点哇你也讨厌伞的迹象了,37186131
[不吐不快]无聊翻七麦数据，意外发现2.6神里绫华延期池格外逆天,37186257
[不吐不快] Reddit热帖帖主编辑,37186293
[不吐不快]仔细想想，在外网升堂有什么用呢,37186280
[热点事件] 某帖主的罕见程度，比你能看到的还要罕见,37186414
[不吐不快] 该给里版夏活写活动预告了(,37186450
[热点事件] 这位老哥回复有点劲爆啊,37186462
[不吐不快] 我建议把所有剧情七圣召唤项目改成雀雀球,37186488
[热点事件]你心的买榜呢?,37186629
[不吐不快]感觉这几天理查像极了狼人杀,37186615
[不吐不快]她们连这个也要造假去争吗,37186613
[热点事件] 就是李本人,37186808
[不吐不快] 互联网真是太精彩了,37186858
[热点事件][方女士氵] 建了个github repo备份防岁,37186702
[不吐不快]泥与荷:论原与米家和理查的关系,37186970
[不吐不快] 看了猛圣语录，我突然醒悟，这游戏很多节奏可能就是运营刻意制造的,37187008
[不吐不快] 我还真不信了3d区一哥进去了zoe姐不进去,37187038
[热点事件]关于枫丹预热，我猜林尼不好卖，无论是单走还是多人up,37187080
[不吐不快] 咱就是说，能叫她红迪方女士吗,37187257
[不吐不快] 我寻思武器池也不是sj爆不出大米的根本原因啊,37187310
[不吐不快][热点事件]这个海岛版本只让我感到无尽折磨,37187330
[热点事件] 方女士是真以为国外原神是什麽上的了台面的东西吗,37187394
[不吐不快] 这事确实在外国社区里传开了,37187399
[热点事件]日服珊瑚宫心海邮件出现失误,37187256
[不吐不快] 由C罗事件突然想到的，神里绫华岂不是...,37187492
[热点事件]我觉得得把那个红迪帖子的目的搞清楚,37187519
[不吐不快]水个群看别人发sd图都能把我看愣住,37187576
[不吐不快] 一个论断，逛原神地图不如逛世界之窗,37187626
[热点事件]联系之前李猛干那个图，以及今天这位方女士……,37187729
[热点事件]我觉得得把那个红迪帖子的重点搞清楚,37187519
[热点事件]联系之前李猛干那个图，今天这位方女士难不成……,37187729
[热点事件] 诸位，考察眼力的时候到了！,37187760
[不吐不快]大家都在期待这三件囍事吗,37187788
[不吐不快] 越发恶劣的活动联机环境，3个队友2个挂机，捡金币的联机活动不能设置为各自目标吗？,37188066
[不吐不快]男的代入女的被一群男的舔是什么心理，有没有人能给我解释一下,37188029
[热点事件]乐子水，OP在瓜版被舟友拷打。,37188329
[不吐不快]瓜版那个字母加后面一串数字的那个人,37188341
[不吐不快] 猛干哥心理侧写,37188378
[不吐不快] 话说看不起nga还一直用的人算镍币吗,37188363
[不吐不快][破事氵] 原神新玩家还多么？,37188486
[不吐不快]里性讨论，你更厌恶嘴臭的角色，逆天的剧情还是厌恶立绘的黑丝,37188498
[不吐不快]话说某家都说过谁是赔钱货,37188518
[不吐不快][破事氵] 原神新玩家呢？,37188486
[不吐不快]求一张好久以前散厨在幽夜P的“不读哲学不读尼采你拿什么厨我”的散兵表情包,37188590
[不吐不快]外网反应是什么情况,37188667
[热点事件]战火扩大，3j开始冲金鹏杯的预热视频,37183349
[不吐不快]仙蛆又一次出动了,37188867
[不吐不快]玩崩铁好好的，现在被一群玩意搞的恶心死了,37188882
[不吐不快] 关于热点事件，只有我一个人想加速的吗？,37188906
[不吐不快]不管过几个月版里还是一堆车伞草,37188923
[不吐不快]大家有没有发现在各个平台你原的存在感变强了,37188972
[不吐不快]本来以为七圣召唤能成为炉石的代餐的,37189055
[热点事件]就发红迪这件事必须提出一个灵魂问题了,37188917
[不吐不快][退坑氵]本来以为七圣召唤能成为炉石的代餐的,37189055
[不吐不快]这未免太抽象了,37189168
[不吐不快]马上月末了，很好奇二观之类的UP主怎么圆,37189197
[不吐不快]完全不能理解现在很多二游玩家这种爱屋及乌的现象,37189285
[不吐不快]突然好难过啊,37189365
[不吐不快]这样子买量，米以为自己是可口可乐吗？,37189429
[不吐不快]突然很好奇是什么理由讨厌伞,37189427
[不吐不快]原神和杨笠有什么关系吗？,37189447
[不吐不快]起猛了，在原神社区看到拳师了,37189468
[不吐不快]你们还在抱着mhy经历过痛以后能改就接着过日子的心态啊,37189539
[不吐不快]芜，给大家说个乐子,37189551
[不吐不快]对于拳师来说，原神是最好的文娱根据地之一吧,37189568
[不吐不快]原神每次有新版本都会在秋叶原病毒式铺广告，那么4.0……,37189617
[不吐不快]现在感觉马哈鱼音乐也拉了,37188255
[不吐不快] 一样东西破碎了就是破碎了。,37189645
[不吐不快] 确实星铁投了不少推广,37189669
[不吐不快]虎扑居然都开始车流水了……,37189683
[不吐不快]不管()怎么蹦跶,37189789
[不吐不快]米哈游现在的走的两条邪路，也是挺搞笑的,37189861
[不吐不快] 给老米支个招，几点建议，保你们触底反弹~！,37189898
[热点事件]没太理解散厨的脑回路,37189916
[不吐不快]隔壁书院标题和内容既视感也太强了。,37189929
[热点事件]重点不是在于抹黑吗，其他只不过是新的通道罢了,37189743
[不吐不快]一定是其他原因导致的,37189984
[不吐不快] 云了一下优菈，感觉没有抽后悔了,37190097
[热点事件]有没有一种可能,37190136
[不吐不快]几天没看又一个大活,37190153
[不吐不快] 暴论:原和崩铁现在的剧情总让我觉得是不是郭小四来当主笔了,37190184
[不吐不快]这事很重要吗,37190217
[不吐不快] 笑啦，新网业活动就是光没用岩史莱姆,37190247
[不吐不快]关于充值时机的小建议,37190381
[不吐不快]mhy这不慌不忙的，到了纳塔该怎么办啊,37190461
[不吐不快]他妈的编剧不会真写雷垫影给()道歉吧,37190646
[不吐不快]最大的意义就是以后看不到这种话术了,37190712
[不吐不快]乐子，一些关于三解对这次流水和ep散草的看法,37190719
[不吐不快]在哪摔倒的，就在哪爬起来，我建议枫丹继续写散兵,37190841
[热点事件]后知后觉，千万粉贺图怎么还没端上来？,37190969
[不吐不快]纯粹理性纯粹冰冷的分析枫丹开局卡林尼的强度困境,37191000
[不吐不快]纯粹理性纯粹冰冷的分析枫丹开局卡林尼的抽取困境,37191000
[热点事件] [知返迷途] 开盒前版务的鹅厨宣布认错并加入了仙家军,37191028
[不吐不快]我没记错的话，里版是3.6之后才有的吧,37191189
[热点事件] 有没有那种瓜瓜总结贴,37191181
[不吐不快] 绝缘本改名绝望本算了,37191159
[不吐不快]怎么不算出圈呢,37191201
[不吐不快]如何评价,37191237
[不吐不快]这算是啥逻辑哦,37191273
[游戏杂谈][不吐不快]抽完我才觉得我真的是疯了,37191441
[热点事件] 噔噔噔,37191468
[不吐不快]又是一年wf夏，然而原的粘土人,37191525
[不吐不快] 浅谈散草cp，论散兵是另一个“limengan”型的自我代入皮套的可能性，以及纳西妲后期沦为“深情工具人”的可能性,37191577
[不吐不快] 问下弦歌浅唱是什么成分，当背景音的时候随机到了他的视频，感觉逻辑怪怪的,37191644
[不吐不快]米哈游还是不懂啊,37191830
[不吐不快] 太子已经害了两个神，爱了一个神,37191826
[不吐不快] 坏了，被散厨憋无语了,37191860
[不吐不快]《策划心理学》将成为《犯罪心理学》之后最值得研究的科目,37191858
[不吐不快] 加载中... 我觉得不仅要在每一章加上剧情是哪个文案写的,37191966
[不吐不快]笑拉了，米ch大抵是要发癫了吧,37191953
[热点事件][不吐不快]我现在才发现ou们是真的fw，除了窝里横啥也不会,37192009
[不吐不快] 关于被夺舍,37192020
[不吐不快]秋雨晨这个6w楼,37190573
[不吐不快]我雷岩粘土人呢,37192212
[不吐不快首页刷到，]经典“我男我也”，这些我总感觉像C妹反串的,37192308
[不吐不快]我盾条呢,37192348
[热点事件]不知道什么时候“原神启动”这个梗好像压过了官方营造的“原来你也玩原神”,37192316
[不吐不快] 浅谈散草cp，论散兵是另一个“limengan”型的自我代入皮套的可能性，以及纳西妲后期沦为“衬托深情的工具人”的可能性,37191577
[不吐不快]平行世界：原神FES现场维权、场面一度失控！,37192583
[不吐不快]3的一生是被背叛的一生捏,37192838
[热点事件]猛干语录让我成为职业水军,37192703
[不吐不快]mhy都把哪些人做成NPC进行阴阳了？,37192851
[不吐不快]首页刷到，经典“我男我也”，这些我总感觉像C妹反串的,37192308
[热点事件] 你有什么目的？你在影射什么？是谁指使你这么干的？,37192907
[不吐不快]重新回头看2.0pv真的感慨万千,37192920
[不吐不快]以前无法理解y吧人为什么那么极端,37192918
[不吐不快] 求一个考据帖的指路,37192915
[不吐不快] 你好，代入须弥太子，来这里说说你今天遭遇了几度背叛吧！,37193004
[热点事件]乐，原神夫妇开团农主播,37193060
[不吐不快](散厨语录)回顾一些历史,37183489
[不吐不快]yysy，散草绑定真正毁的是小草的人设,37193327
[不吐不快] 从吸引正常女性的角度来看，大舅哥这种才是合理的方向吧？,37193359
[不吐不快]自从得知隔壁的男编剧代入死人npc搞贵乱后，我想起原神这边的白月光女npc都觉得是皮套,37193412
[不吐不快][玩知乎玩的]真恶心啊，就能不能不要蹿得到处都是啊,37193474
[不吐不快] 想问下枘凿六合、镀金旅团这种黑称是怎么取出来的,37193529
[不吐不快]()被收编以后到底在须弥干了啥,37193583
[不吐不快] 本来还期待莫娜在枫丹是不是有剧情进展,37193587
[热点事件]诚邀里茶参观虎扑原神区,37150407
[不吐不快] 《生日快乐》重制版,37193650
[热点事件]我也觉得剧情文案应该在自己写的剧情上署名,37193789
[不吐不快]说个最简单的对比,37194043
[不吐不快]不得不感慨米家核心竞争力的强大,37193986
[不吐不快]忏悔，顺便回顾我玩崩三的心路历程,37194105
[不吐不快]3.8快结束了，老实说你们真的觉得比2.8好吗？,37194176
[不吐不快]这次活动深刻的让我明白了一个道理。,37194198
[不吐不快][不吐不快]某榨菜up的投票有点可怕,37194255
[不吐不快]自3.3以来其它都是卖cp的望周知,37194326
[不吐不快]崩系文案看不起原确实不是假的,37194532
[不吐不快]这就是mhy剧情深度给我的自信！,37194624
[不吐不快]我都不忍心告诉她,37194949
[热点事件]十几天后就要开水国了，然而现在一点宣发都没有也太诡异了,37195061
[热点事件]这个是不是已经水烂了？我怎么不知道,37195378
[热点事件]zoe fang女士似乎全网实名上网？,37195544
[不吐不快]大家到底是怎么在坚持在里版水的呢？,37195694
[热点事件]zoe fang全网实名上网，并且磕纳散和散荧,37195544
[不吐不快]怎么回事？米站评论区失守,37195901
[不吐不快]能不能不要给我送行了,37196001
[热点事件] 大家还记得她们把自家氪了6+1，6+5散兵的小主持人等一群富姐富哥踢出去的事吗？,37195982
[热点事件] 大家还记得她们把自家氪了6+1，6+5的小主持人等一群富姐富哥踢出去的事吗？,37195982
[不吐不快]暴论二：小机箱典王就是C妹！,37196018
[不吐不快]最近是不是因为散兵流水低开始对厨提纯了啊,37196043
[不吐不快] 黄毛，成女，吊坠，低领，无餐肉,37196120
[热点事件][猛干xZoe女士] 施工完毕！github备份防岁,37186702
[不吐不快]现在的枫丹可以用秘不发丧来形容吧,37195775
[不吐不快]按惯例x.0前瞻会是大伟哥吧,37196351
[不吐不快]这是哪一场历史斗争,37196371
[不吐不快]我再问一次，1000w贺图什么时候出啊,37196496
[热点事件][不吐不快]没人觉得这个夏活很逆天嘛,37196628
[热点事件] 联动红迪，发现《孤散者》并没有用户上传到国外视频网站,37196689
[不吐不快] 有没有崩学家能捋一捋下西琳和琪亚娜的关系,37196734
[不吐不快]这散厨是想让我跟他共情吗,37196760
[不吐不快] 米怎么在这里也开始买广告了,37197304
[热点事件] 这是在暗示谁？,37197448
[不吐不快] 不是这游戏葡萄给未定的软文我都看不下去了,37197553
[不吐不快] 米这么铺天盖地的营销，能入坑的有消费能力的玩家还多么,37197587
[不吐不快]说一句，某角色毁了原神，没毛病吧？,37197693
[不吐不快] 自己的实名信息被他人盗用，导致自己无法实名认证自己账号，如何维权？,37197659
[热点事件]新机制只限于特定阵营是不合商业逻辑的,37197823
[热点事件]桃桃,37197823
[不吐不快]逛米游社看到的,37197993
[不吐不快]七圣氵,37198141
[不吐不快] 现在这个环境下能不能公正讨论下“古战场”、“黑暗降临”、“百万XXX”这些个陈年破事了？,37198394
[不吐不快]已知4.0up的是黑丝小男孩，那假如,37198647
[热点事件]找个表情包,37198695
[不吐不快]在群里看到一张图，感觉非常乐,37198802
[热点事件] 我希望这是理查人都能看到的一张图片,37198843
[不吐不快] 近来，玩家上传祈愿记录的热情下降严重，祈愿网站的样本已无法良好地反映抽取比例,37198754
[不吐不快]散姐到底是怎么和魈粉结怨的？,37198878
[不吐不快]米门的世界,37198890
[不吐不快]有些东西从开服起就没弄懂(关于卡池),37198961
[不吐不快]非酋氵这也太痛苦了吧,37199011
[不吐不快] 没人说，我来。广州动漫星城genshin impart,37199289
[不吐不快]mhy会给taptap宣发费吗？,37199393
[不吐不快]这是真的吗，有点吓人了,37199428
[热点事件][不吐不快]这...好像还很自豪？,37199619
[热点事件]老天 现在我真怕血溅我身上了,37199641
[不吐不快]以后别的角色也0h你们也会这样嘲吗？,37199726
[热点事件]我发现我关注up主怎么都能扯上O吗(来个人切瓜),37199793
[不吐不快]某 — — .—..事件有没有指路的,37199790
[不吐不快]理智散厨和魔怔散解切割了,37199805
[不吐不快]给不玩o的朋友看了漫展视频,37199860
[热点事件]所以猛干这事是没有后续了吗,37199839
[热点事件]米游社这关键词设的够快的啊,37199858
[不吐不快]有些事不上称没有四两，上了称一千斤都打不住,37199913
[热点事件]up主烟花君嘎貌似驱仙吞舟(来个人切瓜),37199793
[热点事件]“猛干哥”就是指他吗？,37199937
[热点事件] 攻击性拉满，我直接一键三连,37199976
[热点事件]吃着mhy的狗粮，干着堵嘴的事情,37200082
[不吐不快]所以散从3.3到3.8都干了什么？,37200102
[热点事件] 这是怎么辉石呢？,37200241
[热点事件]里版烧世界树!,37200402
[不吐不快]隐晦地说个笑话,37200524
[不吐不快]默默办杯赛的up做错了什么,37200566
[热点事件]话说散兵现在是不是才是黄毛的形象？,37200600
[热点事件]这个能在这里发嘛,37200638
[不吐不快]群友的问题触及了我的知识盲区,37200649
[不吐不快]看到主板的贴子：有要不要补命座的，吹珐姐满命强度的，抽月华歪了铃铛的……,37200719
[不吐不快]米编剧不是说k423是西琳的善嘛,37200934
[不吐不快]这个首页给我推的啥啊,37201069
[不吐不快]难崩，连本子评论区都在骂3.3和3.6的逆天剧情。,37201205
[不吐不快]抽卡是真恶心  珐露珊是不是mhy派出来搞人心态的啊,37201374
[不吐不快] 散兵那个ml浓度很高的语音真的是把樱花妹骗得很惨,37201472
[不吐不快]米吧看到的，难绷,37201510
[不吐不快][热点事件]老米不去主动迎合宅男群体很难进行反弹,37201536
[不吐不快] 散兵那个ml浓度很高的语音是不是带有官方骗人性质的,37201421
[不吐不快] 旅行者你怎么不强化啊,37201619
[不吐不快]星空本身，就是一个巨大的谎言。,37201729
[不吐不快] 散乙己,37201894
[不吐不快] 激情二创——散乙己,37201894
[热点事件]经历须弥剧情以后是不是该给心海传说平反了？,37202164
[不吐不快]对诸位版友来说，有某些角色是特殊的，想要维护的吗？,37202281
[不吐不快] 关于午餐肉,37202318
[不吐不快]来吐槽一下众多角色的黑点吧，比如宵宫小树林,37202396
[不吐不快]各位老哥有没有最原始那种猛干哥回复截图,37202401
[热点事件]突然意识到几天后是不是大伟哥要给玩家整个大活了,37202604
[不吐不快]放以前我只会觉得这是营销号在灌水,37202629
[不吐不快]现实世界里说我玩原神这几个字好烫嘴,37202674
[不吐不快]散兵明明不能赚钱，还让游戏风评变差，为什么米哈游不尽快切割？,37202637
[不吐不快] 突然想到正机不会就是大猛老师取的名字吧,37202795
[不吐不快]从今天开始当里查纯乐子人,37202844
[热点事件]还有两周就开4.0了，但至今没有任何宣发,37202832
[不吐不快]不知道水过了吗，为什么退出游戏要退三次,37202999
[不吐不快] 关于仙舟南部一动漫娱乐场所的事件,37203022
[不吐不快] 怎么现在还有人觉得皇上圣明被猛干之类阉党蒙蔽的,37203065
[不吐不快] 怎么现在还有人觉得皇上圣明，被猛干哥之类阉党蒙蔽的,37203065
[不吐不快] 若猛干哥在崩铁组，那原神组的会私下怎么评价他呢,37203162
[不吐不快]又开始试图分化坛友了,37203233
[不吐不快]周年庆画五神的话，草神这次应该和谁互动？,37203360
[不吐不快]原神还能撑到剧情完结不,37203420
[热点事件]笑死我了这个,37203460
[不吐不快]设计圣遗物数量上限的意义是什么？,37203518
[不吐不快]又想玩O神了，老铁们帮我调理一下,37203549
[不吐不快] 其实我一直觉得隔壁活动线的舰长也是某位编剧套皮写出来的，不知是否有人同感的,37203698
[热点事件] 不行了，憋笑好难,37203747
[不吐不快] 其实我一直觉得隔壁空中劈叉之后的活动线舰长也是某位编剧套皮写出来的，不知是否有人同感的,37203698
[热点事件]广州动漫星城有人吃瓜么,37203756
[不吐不快]以后我们退坑人会不会跟不上理查的版本了,37203835
[热点事件]你们一直在等的宣发预热来了,37203982
[热点事件]如何评价散宝被世界陷害？,37204072
[不吐不快]其实那几个已经涉及到黄的瓜真不意外,37204057
[不吐不快]暴论：政治正确毁了原神毁了未来,37204078
[不吐不快]散草算不算是二人一体的神明的,37204129
[不吐不快]流浪者的代号有什么考究么？,37204185
[热点事件][不吐不快]我有罪，我知错了，不如坛友们来说出自己心中的提瓦特最美小白花？,37204230
[热点事件] 漫展12岁胡桃的瓜大家听说了吗？,37204373
[不吐不快] 无聊氵 给大伙整点抽象的,37204471
[热点事件]越来越觉得3.3—3.6剧情风波未平,37204506
[热点事件]广州星城怎么没人发,37204414
[不吐不快]快一个月了，再来看看枫丹pv的数据,37204649
[不吐不快]如果迪希雅改成限定五星大C，坎蒂丝改成常驻5星生存辅是不是好很多。,37204666
[不吐不快]突然发现蒙德茶会，璃月雅集，创作幕后这些好久没做了,37204760
[不吐不快]一直没破防，看了这个有点想掉小珍珠,37204815
[热点事件]去官方评论区看了看,37204793
[不吐不快]理性讨论，角色厨的存在，“不准乳角色”的zzzq，是不是在助长猛干这样的文案的嚣张气焰,37204842
[不吐不快] 该不该说你游有一群top粉思维真的很无语,37204861
[不吐不快]我猜编剧有可能是想把散兵往飞影那个方向塑造的,37204881
[不吐不快] 日本抽卡手游模式是糟粕，我这么说没问题吧,37204858
[不吐不快]各位老哥如何评价,37204912
[热点事件] 哟，广州漫展欺负12岁小女孩coser事件开始捂嘴了,37205068
[不吐不快]预言一波，枫丹第一个池子必仆，会舔着脸把雷电影请出来挽尊,37205185
[不吐不快] 这次4.0的前瞻节目收看次数估计会爆炸吧,37205238
[不吐不快]《花神书》做完咯。甘露花海很漂亮，那又咋样呢？,37205300
[不吐不快] 我说我不在B站看原神内鬼视频，怎么还能看到，结果你在阴阳师频道？,37205287
[不吐不快] 团雀对于提瓦特，究竟意味着什么,37205489
[不吐不快] 3000字小短文 纳西妲，诞生，剥夺，控制，世界树的奴隶。,37205481
[热点事件] COS那事挺吓人的，是真的么,37205697
[热点事件] 原神每日吐槽之——毫无逻辑的拖延时间：赶路篇,37205443
[不吐不快]还是看看远方的七圣召唤吧家人们,37205781
[不吐不快] 简单预测，如果枫丹失利，纳塔会更快的端上来,37205927
[热点事件][蒸馍预警]用AI整了一下,37205923
[不吐不快]关于音乐之魔神的去向,37206050
[不吐不快]2.x与3.x的区别,37206025
[热点事件] 确认一下广州那个瓜我吃得对不对,37206063
[不吐不快]怎么有三个茶馆？,37206162
[热点事件]枫丹主要看芙卡洛斯和仆人能不能支楞起来了吧,37206141
[不吐不快]枫丹目前好像还没有任何关于神秘的欧派元素的消息,37206178
[不吐不快]怎么有三个和裕茶馆？,37206162
[热点事件] 不会还有人没领到暑假活动奖励吧？,37206252
[不吐不快]这几天该不会在忙着重录一遍前瞻吧？,37206312
[不吐不快] [萌新提问] 抢到到原神fes13号的票，但朋友都没抢到，有没有一起组个团逛展的,37206344
[热点事件]铁观音奶冻repo,37206580
[热点事件] [萌新提问] 4.0枫丹是几月几号开？(年假预备),37206564
[热点事件] 贷款吃屎一波 枫丹最差情况会有什么,37205953
[不吐不快]周三应该发前瞻预告了,37206582
[不吐不快]今天这是几个帖子在带角色厨节奏了？,37206782
[不吐不快] 有没有大世界地图爱好者来一起吐槽一下3.0大版本的地图设计,37206998
[不吐不快]哎都是你们散黑,37207023
[不吐不快]我其实不反对摆明卖cp，但个人认为神级角色卖cp尤其异性cp过度的话，会非常掉逼格…,37207132
[不吐不快]所以七圣召唤呢？不是比肩炉石？,37207155
[不吐不快] 散兵喜欢小草这条线怕不是3.2就开始铺垫了,37207280
[不吐不快] 报！！！ 知乎也失守了,37207278
[不吐不快]散兵第一次流水还行是不是真的是因为魈厨抽珐露珊,37207439
[不吐不快] 求推荐点游戏,37207544
[不吐不快] 没有“神奇的枫丹”大概是什么原因,37207669
[不吐不快]米哈游你在看吗,37207708
[不吐不快] 我其实突然好奇，米哈游的文案有没有一套自己的哲学体系,37207798
[不吐不快]手机里有一款可以在法庭上决斗的游戏,37207777
[不吐不快] 让我们来猜猜枫丹会有多少个地洞吧,37207905
[不吐不快]夏夜愚戏,37207846
[热点事件]理查久违的进入了长草期,37208045
[不吐不快]正式剧情塑造整整三年，不如足迹PV里的惊鸿一瞥,37208125
[不吐不快]长草了，喝点茶吧,37208215
[热点事件]话说为什么是c罗啊,37208275
[热点事件]无人在意的角落里，微博的千万粉贺图后来发了吗？,37208429
[不吐不快]枫丹现在都没什么宣发，结合照理来说本周五的前瞻，我觉得可能要来个大的了,37208432
[不吐不快]有些人真的是无愧于外界的诋毁,37208640
[热点事件] 大概去看了一下最近米酱的活跃玩家数据，简单的文字描述一下吧。,37208678
[不吐不快]大致不严谨统计了知乎2.8和3.8的新地图活动相关回答数量,37208733
[不吐不快]想问下里查为啥没人推荐幻塔当原神代餐？,37208772
[不吐不快]都这个时间点了，上回3.0前瞻都发好几个了,37208806
[不吐不快]算我求求你了mhy快点出个圣遗物弃置标记功能吧,37208884
[热点事件] 想问理查大伙对水神的外观看法,37209088
[不吐不快] 散兵原来不是16岁小男孩啊,37209189
[热点事件]感谢散兵让我见到了很多平时接触不到的老哥,37209244
[不吐不快]爆！卡蜜儿锐评其他,37209344
[不吐不快] 扁鹊见蔡桓公 作者：韩非,37209485
[热点事件]最近退了原神，请问大家顺火暖怎么样？,37209474
[热点事件]今晚深渊结算,37209764
[不吐不快]别洗了，伞第一次流水还行，纯粹是3.2之前的功劳,37209853
[不吐不快] 问一下提瓦特的统治者会打压科技发展吗？万一外星人来了怎么办？,37209985
[不吐不快] bbb新测试服开了,37209077
[不吐不快](多图)教你如何把大猛干语录加入nga表情,37180762
[热点事件]枫丹pv角色好感调查,37210167
[不吐不快]  我好奇，到时候纳塔女角色也会裹得这么严实吗,37210307
[热点事件]烙铁推荐的铁观音奶冻相关,37210441
[热点事件][不吐不快]今天看见原神上解放日报了，其他也上了，大家怎么看,37210631
[不吐不快]来里版求张水神同人图,37210619
[不吐不快] [原无关]话说github还能当存档用吗,37210654
[不吐不快]红迪上关于国内流浪者风评的讨论已经是buff叠满了,37210710
[热点事件]罕见煽动外国论坛舆论，这就是理查馆的新夏日活动吗,37210897
[不吐不快] 幽夜频道有人发布感叹被评论围攻,37210915
[不吐不快]长草了，和里茶的坛友们聊聊理查德这个角色吧,37210934
[不吐不快]讲真，原不如崩铁,37210742
[不吐不快] 为什么结晶们对他米跌的官推cp散草这么生气,37210940
[不吐不快]为什么这版本其他和纳西妲完全没有互动？,37211252
[不吐不快] 我理解了“崩坏神域”的真正含义,37211412
[不吐不快]还不快给国产二游救世主下跪？,37211486
[不吐不快]我好像明白喜欢散兵的玩家实际上喜欢的是啥了,37211497
[不吐不快] 好闲哦，试着给其他起个新外号,37211753
[不吐不快]调查一下大家是哪一刻完全出脑的,37211872
[不吐不快]枫丹无所谓了，火神有什么图或者什么消息吗？,37211867
[热点事件]趁着前瞻前发出来水，4.0枫丹版本pv,37211890
[不吐不快]3.8的两波0蛋，玩家流失究竟占了几分功劳？,37212195
[不吐不快]怎么沙漠里什么东西都要往狗屎山顶上放？,37212332
[不吐不快]一想到自己曾经把宝贵的娱乐时间用来找宝箱就懊悔万分,37212371
[不吐不快]搬运今两年twitch原神直播观看数据,37212517
[不吐不快] 日本油管官号上复刻ep按时间排序有惊喜,37211449
[热点事件]3%开始入侵散嘈吧了,37212538
[不吐不快]  知乎也失守了,37207278
[不吐不快]我已经一天没听到卡维复读“我要搬出去了”,37212783
[不吐不快] 散兵与奥托完全不具备可比性吧,37212803
[不吐不快]所以其他是哪位制作人员的的皮套？,37212811
[不吐不快]所以其他是哪位制作人员的皮套？,37212811
[不吐不快]相信我，这个视频能让你舒服一整天,37210420
[不吐不快]猛干语录的杀伤力在于即使是制作人爆典中他也是最low的那档…,37212871
[不吐不快]为啥游戏有未成年限制剧情还做的这么流水账,37213096
[不吐不快]很符合我对()自证的想象,37213184
[不吐不快]如果枫丹加入王国之泪的机制,37213223
[不吐不快]滤镜彻底碎了以后看米家角色都怪起来了,37213091
[不吐不快]为什么老有人说因为枫丹没有新的草元素所以没必要有前瞻视频？,37213295
[热点事件] 有人知道29号发生甚么事了了吗,37213343
[不吐不快] 不打算以后给角色氪金了。。。,37213387
[不吐不快]理查的每日任务是那几个,37213431
[不吐不快]嗯，大号七七两命，新开两个小号全部是七七首橙。看来我是和七七甩不开了。,37213404
[不吐不快]“散黑杀猫”确有其事吗？,37213575
[不吐不快]90抽0只罗莎莉亚正常吗,37213836
[不吐不快]现在隔壁米家游戏版总给我一种水军的感觉,37213906
[热点事件]Zoe女士的事情有人报案了吗？,37213946
[热点事件]米哈游撅区零出了你们会玩吗,37214430
[热点事件]看贴吧有人说温迪传说任务的编剧离职了,37214419
[不吐不快]第二次了 上期深渊600又忘了领了,37214515
[不吐不快]个人对最近热点的看法汇总,37214397
[不吐不快] 热知识，现在所有没有完美适配的四件套圣遗物的老角色全是女角色,37214686
[不吐不快]你最想删除原神的哪三个角色？,37214732
[不吐不快]没绷住,37214769
[不吐不快]感觉枫丹会不会像须弥那样对应国家特色角色极少,37214699
[不吐不快]今日虎扑崩板回旋镖,37214672
[不吐不快]散兵流水不好的事情被转到外网去了，反正就是国内的错(笑),37214853
[不吐不快] 早安原神，然后晚安原神,37214905
[不吐不快]'猜想'枫丹男池三连发，会不会是米不得已的一步烂棋,37214973
[不吐不快] 如果我没记错的话，纳西妲3.3之后就和功臣团没有交流了吧？,37215000
[不吐不快]有没有想过退坑但实在放不下沉没成本的？,37215050
[热点事件][不吐不快]联动一下隔壁男三池连发,37215179
[不吐不快]这是入坑以来做过最无聊幼稚的活动剧情,37215140
[不吐不快] 厕妹接受不了散兵暗恋草神本质也是因为她们内心不愿意为别人付出，却想得到宠爱吧,37215266
[不吐不快]想到喜欢的角色们，有点emo,37215252
[不吐不快]我去，岁月史书,37215366
[不吐不快] [搬运] 米哈游做哪种选择能让口碑挽回,37215448
[热点事件][不吐不快]联动一下男池三连发帖子,37215179
[不吐不快] 原神的数值策划就是弱鸡中的弱鸡,37215615
[不吐不快]“仙散殖”三位一体文化输出,37215656
[不吐不快]原神又上报纸啦！这次是解放日报！,37215706
[不吐不快]某床发新视频了,37215719
[不吐不快] 求推荐几篇纳西妲同人文,37215924
[不吐不快]很适合卖字废青的锐评,37215955
[不吐不快]网抑云7天礼品卡5张,37216023
[不吐不快]已经领完了,37216023
[不吐不快] 最近创作欲望高涨，给大家讲个“问卷来了”的故事,37216392
[不吐不快] 暴论，太子被空律西琳暴杀,37209077
[不吐不快]草石头是不是预示了散草99,37216427
[不吐不快] 发现在一些《原神》同人文中，主角与“神明”谈恋爱时的身份真的很重要。,37216535
[不吐不快]  整整一个月3视频，放在整个手游界都是相当炸裂的存在,37216579
[不吐不快]我们可不止散草99,37216640
[不吐不快]好奇一下如果有须弥旧三神自机各位会抽吗,37216755
[不吐不快]来聊聊各位是怎么接触并泡在理查的,37216753
[不吐不快]乐子氵，某种意义上这是不是企业文化的映照,37216927
[不吐不快]十年二崩老玩家日常被骂云玩,37216990
[不吐不快] 米变成现在这样子纯属活该,37217077
[不吐不快]理查什么时候开新活动,37217123
[不吐不快] 话说枫丹一开，是不是又有一批角色要用系列武器,37217195
[热点事件]非造谣，米最近的员工招聘信息是什么样的呢？,37217402
[不吐不快]其实我是能接受，原神新出的女性角色服装偏保守的，作为破圈游戏，承担一定的大众向审美，是二次元宅们的觉悟,37217492
[不吐不快]根据芭芭拉的削弱手法，其实开服三幻神都是可以削的,37217565
[不吐不快]简单比较下须弥沙漠和塔纳利斯的信息量,37217684
[不吐不快]Families who know a！珐奶奶度假去了么,37217390
[不吐不快]挂个人，顺便嘲笑一下,37217760
[不吐不快]所谓原神需要为了承担社会责任而把女角色设计保守的说法简直就是扯蛋,37217824
[不吐不快]越往前复盘就发现当初的钟离事件对目前原神环境的影响之大,37217848
[不吐不快] 为什么散兵草神爷派蒙一致选择不公开真相？,37217922
[不吐不快]3.6的活动是这个该多好啊。。。,37217932
[不吐不快]隔壁版的长文,37216915
[热点事件] 根据可靠消息，你米要开始进一步饭圈化控评和消息管控了,37218188
[不吐不快] 现在随便点开一个社区就是剧情黑泥，除了剑斗还有什么地方不倒剧情黑泥的吗？,37218271
[不吐不快]论米家游戏去主角化的趋势,37218288
[不吐不快] 因为猛干哥，对未定也出脑了,37218314
[不吐不快]里版夏活剧情也基本上过完了，夏活奖励呢,37218372
[热点事件]问问各位大佬 限时地图拿全原石要多久呢,37218354
[热点事件]我觉得原神应该彻底放弃剧情，好好出角色就行了,37218526
[不吐不快]不知道大家知道不知道最近瓶皇那个事,37218597
[热点事件] 几秒就没了，算变相石锤么,37218621
[不吐不快]米游社的阵容推荐是认真的？不是来搞笑的？,37218602
[不吐不快]崩铁也是12+呀？,37218618
[不吐不快]一想到百亿项目被女初中生骗懵了，我就想笑。,37218685
[不吐不快]  滤镜崩了确实不管看啥负面消息都像真的(我改辣，表删我,37218621
[不吐不快]卧槽，到底是什么瓜,37218856
[不吐不快]哈哈哈，这哥们是个人才啊,37219045
[不吐不快] 好奇一下如果有哈游三巨头巴掌各位会抽吗？,37219187
[不吐不快] 好奇一下如果抽米哈游三巨头巴掌各位会抽吗？,37219187
[不吐不快] 这次前瞻会不会解释下新角色为什么会吐舌头,37219357
[抛砖引玉][热点事件]前两天地铁大都会活动的兰那罗衣服已经到货了,37219527
[不吐不快] 散兵唯一给原神带来正面的圈外人气的时候，是不是那个巴尔泽布我已登神的二创,37219863
[不吐不快]已经到4.0前夕，ch为何仍然不荒不芒,37220028
[热点事件]喜茶第二波联动，甘雨+申鹤,37220039
[不吐不快]一个回旋镖小乐子,37220278
[不吐不快]这阵子感觉关于和纳塔相关的帖子多了起来,37220310
[不吐不快]这种游戏还有存在的必要吗？艹,37220316
[热点事件] [大风机关]纳西妲和其他值得更多的cp名,37220457
[不吐不快]给李猛干们设想下，只要成了就是大乐子的联动,37220460
[热点事件] 没人搬手游第二定律吗？,37220499
[热点事件] 关于油液，盘一下理查发展进程,37220509
[不吐不快]玩了快半年原，现在才发现理查，真是相见恨晚,37220663
[不吐不快]感觉好多玩法只是听上去好玩,37220685
[不吐不快] 求科普“抽取率”这东西是怎么统计的？,37220715
[不吐不快]联动详谈散兵与伽古拉,37220790
[不吐不快]这圣遗物上限是在闹着玩吗？,37220890
[热点事件]从cos角度来说，原神的须弥版本太失败了,37220950
[不吐不快]说到日配，感觉对日配cv的认知度可能不高，是否也是原神玩家老二次元不太多的证据之一,37220962
[不吐不快]二游不能消费女色我玩尼玛的二游，点踩的亩人差不多得了,37221017
[不吐不快]说到日配，对日配cv的认知度可能不高，是否也是原神玩家老二次元不太多的证据之一,37220962
[不吐不快]一个小细节：交易网站上满命散兵号价居高不下。,37221026
[不吐不快]联动纳塔相关贴，赔宝真有可能去纳塔,37221065
[不吐不快] 想提醒一下，论坛有关,37221294
[不吐不快]感觉要变成米的*奴隶了,37221313
[不吐不快]喜欢散草的有福了，快来看散草CP甜文,37221303
[不吐不快]散草99,37221375
[不吐不快]没什么，就是来分享一下快乐,37221488
[不吐不快]果然游戏的本质是赌狗，没圣遗物刷好无聊,37221541
[不吐不快]我忏悔,37221906
[不吐不快]终于我也来里版了...,37221909
[热点事件] 米哈游的公关在看吗？我配合舆情管理，给我钱我就把以前骂你们的帖子删掉,37222013
[热点事件] [不吐不快] 看理查百度分茶有感,37221510
[不吐不快]不懂就问，女初中生是啥瓜,37222646
[不吐不快] 这下午出现的东西多少有点人为干预的感觉了,37222732
[热点事件] [不吐不快] 观理查百度分茶有感,37221510
[热点事件] 神tm赔宝,37223001
[不吐不快] [赛博史官] 关于里茶馆建版历史的考据,37223114
[不吐不快][二手屎警告]有Up称：屎黄色恶臭论坛最近在外网名声大噪,37223177
[不吐不快]我觉得散兵现在这个处境和那个大肠刺身一样的剧情是脱不开关系的,37223210
[不吐不快] 在理查呆了这么久，好像没见过毁号的,37223263
[不吐不快]“一般向”二游的受众,37223262
[不吐不快][热点事件]假如可莉不喜欢魔女,37223361
[不吐不快] 推荐一些能传递正面情绪的二游剧情吧！,37223374
[不吐不快]突然想到当初负责温迪剧情的那个人怎么样了,37223464
[不吐不快] B站评论区散厨锐评纳西妲,37223498
[不吐不快]感觉原神的强度党喜欢给自己虚构的焦虑,37223504
[游戏杂谈] [不吐不快] [萌新提问]  深渊疑惑，为什么要做成每个版本的怪一样？不能15天就换一批吗。,37223555
[热点事件]话说大家知道狂魔榜吗,37223759
[不吐不快] 以前就曾听过，结晶喜欢把对面用来攻击他们的话和梗拿过来用,37219817
[热点事件]从林尼名字发现的,37223854
[不吐不快]兄弟们警惕夺舍事件啊,37223907
[不吐不快]痛苦,37224013
[不吐不快] 原对世界观的塑造突出一个挖坑不填，高开底走,37224031
[不吐不快]理查版现在确实玩原神玩的少了。,37224050
[热点事件]这下地狱笑话了,37224154
[不吐不快]相比雷神、草神刚露脸的时候，水神的色图异乎寻常的少，品质也有下滑,37224580
[不吐不快] 原神半年来暴露出的问题,37224590
[不吐不快]话说如果策划服软一点理查会投降吗有人,37224689
[不吐不快] 原神演出很让我不爽的一点就是老是锁视角,37224706
[不吐不快]不理解老米设计散兵时没考虑到sb这个谐音问题吗？,37224697
[不吐不快] 当一个不舔公司的玩家真是最好的娱乐呼哈哈哈,37224740
[热点事件]偷来的图，给大伙乐一乐。,37224749
[不吐不快]很难想象迪卢克和林尼是一个公司设计的衣服,37224834
[不吐不快]什么时候会出第二个后台强力挂草角色啊,37224914
[热点事件]果然都开始开顺风团了,37225005
[不吐不快] 新作《对原之原》堂堂登场,37224994
[不吐不快]你们有没有这样的既视感,37225127
[不吐不快]现在看到吐舌头就浑身不舒服,37225279
[不吐不快] 原来琪亚娜真实身份早就告诉玩家了,37225412
[不吐不快][猛干氵]半夜emo真的太恨了,37225568
[不吐不快]我认为散姐和世界树剧情是次要的，须弥王世子邸下的棺材板是莱伊拉盖上的,37225721
[不吐不快]我还一度好奇过到底送啥单手剑,37225737
[不吐不快] 关于我的退坑历程,37225749
[不吐不快] 看到又有提虚空强度焦虑的帖子我就想笑，怎么，答辩深渊刚结束没一个月就开始岁了？,37225834
[不吐不快]突然发现一个很乐的地方,37225960
[不吐不快] 枫丹真是个好地方！(二创自设，无剧透),37225956
[不吐不快] 抖音之哎嘿嘿嘿，我的散兵怎么可能比中指呢,37226086
[不吐不快]原学家，你们兴奋了吗,37226207
[不吐不快]才发现热气球任务的怪甚至不掉摩拉,37226496
[热点事件]上热搜了,37226602
[不吐不快] 长草,37226627
[不吐不快]知乎“把散兵拉倒玩家前幌的后遗症就是动了整个提瓦特ip的根基”,37226590
[不吐不快]真有人舔洋人上瘾了,37226650
[不吐不快]那些炉石转七圣的主播也算是遭两度背叛了吧,37226715
[不吐不快] 马哈鱼特色 恶心的地方玩久了都能因为有更恶心的让人感觉松了口气,37226753
[不吐不快] 3.3间章锤散兵真杀了很多刀匠是否也是剧情无可挽回的原因之一,37226772
[不吐不快] 想来求求别的游戏推荐,37227029
[不吐不快]就是啥新反应也没有的2.0也提前17天就开始发剧情pv了,37227173
[不吐不快]最近hoyolab(国外版米游社)奇怪的推送越来越多了,37227183
[不吐不快]“万众期待”的水神估计会是压死骆驼的最后一根稻草,37227443
[不吐不快]打算回坑看看，结果被官网鬼图糊脸……,37227510
[不吐不快]高魔世界的魔术师……,37227506
[不吐不快] 要是水国水神手撕sb流水会不会暴涨,37227549
[不吐不快] 为什么红人粉会看好林尼？,37227755
[不吐不快] 感觉米哈游真的是一家很会凹人设的公司,37227823
[不吐不快] 弃坑后玩了一段别的游戏，越来越感觉原现在人物外形设计上真是一言难尽,37227867
[不吐不快]那个所谓的林尼考据贴也许就是官方下场/幕后背书,37226491
[不吐不快]什么时候可以出单独开关角色语音的功能啊,37227993
[不吐不快]我忽然觉得，枫丹可能不是不想改，而是没办法改了,37228087
[不吐不快] 帮朋友问下，有可以ntr别人的游戏吗？,37228086
[不吐不快] 这是开服骂了三年的圣遗物换装终于开始画大饼了？,37228241
[热点事件][热点事件]都把圣遗物容量从1500加到1800了，你们还有什么不满意的？,37228243
[不吐不快] 为了不让新人被须弥恶心，制作者让玩家可以直接跳到枫丹？,37228266
[热点事件][不吐不快]连发座谈会，感觉急了，不确定，再看看,37228360
[不吐不快] 圣遗物上限终于增加了！,37228491
[不吐不快]给各位精通淋语的姐妹推荐一个宝藏up猪,37228426
[热点事件]这是一睥睨常温超导的历史性突破啊,37228493
[不吐不快]两年前的今天，我坐在电脑前狂吹稻妻，狂骂舟周年夏活如何烂,37228545
[不吐不快]明天开的活动剧情还是帮助学者写论文，他真的，我哭死,37228563
[热点事件][不吐不快]这个圣遗物优化真是给我看乐了,37228622
[热点事件]这个座谈会内容不是米哈游该做的么,37228719
[不吐不快] 可能都算不上暴论，圣遗物的改动其实卵用没有！,37228682
[热点事件] 优化圣遗物摧毁是不是有点大病啊,37228667
[不吐不快]怎么又开新活动了,37228690
[不吐不快]大月卡武器是不是该更换了,37228654
[不吐不快] 8.2开发组座谈省流版+个人锐评,37228608
[不吐不快] 直接在圣遗物最大容量后面加个0会让mhy花多少钱,37228769
[不吐不快]感觉原神让我很不喜欢的一点就是操作优化还不够，也许是玩的另几个游戏把手养懒了,37228754
[不吐不快]建议不要对赔钱货的流水爆死有“会因此大改”的期待,37228815
[不吐不快]感觉座谈会内容和我以前发的贴米哈游和老中医对上了,37228845
[热点事件]这次圣遗物背包直接提升20%，这可关键1命的提升幅度，白送命座太棒了,37228829
[不吐不快] 须弥每周声望任务居然会刷风免怪,37228828
[不吐不快]原神项目组留下的都是些什么贵物啊？,37228808
[不吐不快] 请问一个游戏的剧情真的需要那么多人来写吗？,37229009
[不吐不快]经常有人说提意见的是喂不饱的狼,37229069
[不吐不快] 不是吧马哈鱼 广告咋还用开服的秘书和女角色呢 这么不自信的吗,37229072
[不吐不快]装死意味着他们原定就是放弃老用户群,37229155
[不吐不快][不吐不快]官号开发组访谈下面评论，真的有这么多+20吗？,37229164
[热点事件]好好好，终于要出殡了,37229186
[不吐不快] [热点事件] 看来解决须弥烂了的方法就是当须弥版本不存在,37229211
[热点事件]来了来了，大伟哥他来咧,37229246
[不吐不快] 我不允许没有人看过灰夫人锐评某散的视频,37229156
[不吐不快]玛德血压炸了,37229301
[不吐不快]开发者座谈会给我感觉,37229314
[不吐不快]希望小吉祥草烧树，然后说,37229374
[热点事件] 谁来翻译翻译,37229464
[热点事件]小剧场：空胖胖直播卖圣遗物优化,37229532
[热点事件]一个奇怪的想法,37229718
[不吐不快]须弥现状其实挺符合足迹描述的,37229699
[不吐不快]陈致逸真的走了吗,37229730
[不吐不快]一想到我的发情贴是发给四十岁中年男文案看的,37229755
[不吐不快]笑死我了，全篇都是解决方案在讨论中了,37229778
[热点事件]画的饼都是馊的,37229849
[不吐不快]其实原神现在走下坡路外部因素也很大,37229858
[不吐不快]给版主提个建议,37229833
[不吐不快]踩原吹铁的是何居心啊,37229868
[不吐不快]吹一波散兵,37229373
[不吐不快]有人在b站发跳过剧情好像被好多人喷了,37229906
[不吐不快] 前瞻标题翻译：就你们这没由来的毛毛雨节奏还想我改善，我继续作惹！,37229900
[不吐不快]相关优化现在才讨论中,37229983
[不吐不快]两年前两年后,37230118
[热点事件]要来叻,37229637
[不吐不快][不吐不快]想知道各位还在玩的男同胞坚守下来的原因是什么？进来聊聊。,37230127
[热点事件]为什么相同的功能在不同的页面要搞不一样的实现？,37230112
[不吐不快]其实我还蛮期待前瞻的,37230162
[不吐不快]仿若无因飘落的轻雨听起来就像乙女游戏,37230241
[热点事件]午睡奇思  如果3.3这么改其它剧情大伙来瑞评一下,37230269
[热点事件] 请了4个师爷来翻译,37230319
[不吐不快]有一说一以后不能带萌新长征了还有点小遗憾,37230320
[不吐不快]别的游戏的黑丝小男孩,37230350
[不吐不快]tmd笑麻了,37230411
[不吐不快] 流浪者凭什么得到风属性神之眼？,37230450
[热点事件]乐子人就要敢于下判断,37230462
[不吐不快]啊，下个月没星尘换纠缠和相遇了,37230457
[不吐不快]下回来O玩了两个小时,37230495
[不吐不快]卸载了，20多g不给小男孩,37230671
[不吐不快]为何7246会热衷于将他们主子的头P在别的角色身上,37230735
[不吐不快]米哈游太细了吧,37230700
[不吐不快]我服了，加个圣遗物上限也抠抠索索的,37230887
[不吐不快]以后一有回坑的想法就拿这张图来警示自己,37231054
[不吐不快]硬要说的话,37231090
[不吐不快] 降魔大圣你怎么变性了。。。,37231067
[不吐不快]仿若无因飘落的轻雨,37231155
[不吐不快]工作原因短暂弃坑几个月，原版咋成这样了？,37231170
[不吐不快]这么着急吗阿米,37231251
[不吐不快] 座谈会提及蒙德主线完成就可以给一个须弥快速到枫丹的锚点,37231376
[热点事件]从原神8月2日优化访谈谈米哈游脱离玩家的产品研发,37231371
[不吐不快]忍不住提前祝贺一下原神团队的伟大成就,37231499
[不吐不快]我记得最早圣遗物背包是从1000加到了1500？然后现在又是1800，只花了三年的时间,37231484
[热点事件] 毛毛雨罢了,37231547
[不吐不快]大爷～来看前瞻啊～,37231579
[不吐不快]如果把伞兵替换成柯莱怎么样,37231663
[不吐不快]这是？来指导了吗,37231709
[不吐不快]这下米应该学会鸡蛋不能放在同一个篮子里了吧,37231773
[不吐不快]猛干代入哪个角色了？为什么这俩天才看到,37231799
[不吐不快]岩元素如果这样改能不能救起来,37231767
[不吐不快]哥哥姐姐怎么了？,37231865
[不吐不快]在搜狗输入法里投了个猛干哥语录,37231881
[不吐不快]这邮件也太晦气了,37231952
[不吐不快]关于仿若无因飘落的轻雨,37231999
[热点事件]大家最讨厌的每日委托是什么,37232060
[不吐不快]好期待神奇的欧派元素啊,37232099
[不吐不快]取潭用潭之无因飘落的轻雨,37232154
[不吐不快] 各国主线第一章的名字真的让人怀疑写主线的人是不是换了,37232220
[不吐不快]有没有可能，今年流水干不过星铁,37232259
[不吐不快]仿若无因飘落之轻雨，然后又有枫丹不下雨的说法，我悟了,37232297
[不吐不快]怕你们不知道，叉老师在表茶馆发r贴了,37232351
[不吐不快] 无奖竞猜，以猛干老师为代表的文案们看过多少经典侦探小说,37232519
[不吐不快]lof好就好在它不按时间给你推荐，特别方便清算,37232565
[不吐不快] 渣分析：“仿若无因飘落的轻雨”,37232633
[不吐不快]以前看到这种东西会生气,37232950
[热点事件]你的桀骜不驯，让我感到恶心,37232601
[不吐不快]为什么官方不给散兵出10元左右的小周边,37233038
[不吐不快]哎，连我这老好人，也觉得今年4.0一点都不热闹,37233165
[不吐不快]啥时候三巨头表演一个散宝就是我的孩子,37233200
[热点事件]如何看待知乎对卡维的评价,37233325
[不吐不快]我以为大家来理查就是吹水，不会真的有人认为原神会做出改变吧？,37233382
[不吐不快] 其实仔细想想，今天来的那个谁说的挺对的,37233386
[热点事件]散宝反黑站教授在传授反黑方法,37233459
[不吐不快]游戏舆论环境越差，游戏内环境越好,37233451
[不吐不快]无人在意的正崩旗，它悄悄地复刻了第四次,37233488
[不吐不快] 每次看到挺原3.3及之后的言论就很无语,37233569
[不吐不快]决定把被恶心的经历刻在沙滩上。,37233586
[不吐不快]全民文字创作热潮不会要开始了吧，大家不会努力成为写文字赚三千元的人吧？,37233334
[不吐不快]说了多少遍了，归途打码！,37233676
[不吐不快]梅开二度，又是()自证,37233671
[不吐不快] 有没有可能，须弥版本是联动了现实,37233782
[热点事件][不吐不快]大家快去瓜版看讨论地狱叉收到米哈游钱的那个事情的帖子啊。,37233774
[热点事件]大家会去看前瞻吗？我可太期待前瞻了。,37233842
[不吐不快] 须弥版本邀约出的也太少了吧,37233935
[不吐不快] o最新动态评论区,37234080
[不吐不快]提醒铁道来的大伙一句，最好别踩一捧一,37234103
[热点事件]理查的夏活时间也太长了吧,37234199
[热点事件]地狱叉水，可能这就是啊哈吧,37234230
[热点事件] 支付宝两期联动都是男角色,37234262
[不吐不快]米哈游到底是怎么把这两伙人团结起来的,37234395
[不吐不快]如果散兵能写得和奥托一样就好了,37234371
[不吐不快]叉佬相关，刚吃到瓜，笑的我到现在肚子都胀的,37234491
[不吐不快]前瞻3000会不会是违禁词？,37234541
[不吐不快]又一个大活,37234527
[不吐不快]把叉老师那个帖子的米哈游打上码然后打到仙和其他解那边会不会有乐子看？,37234543
[热点事件]3000恐成违禁词,37234582
[不吐不快]无内鬼，来点新鲜地狱笑话后续,37234560
[不吐不快]出脑之后意外的容易和自己和解,37234639
[不吐不快] 来了来了，给误入里茶馆的“路人玩家”的社区推荐图做好了,37234538
[不吐不快]问一下有没有人保存了关于仙sj细雨的截图,37234722
[不吐不快] 猜测一下接下来怎么进行社区舆论管理,37234731
[不吐不快]逆水寒出生自带轻功飞檐走壁,37234774
[不吐不快]聊聊所谓的一般向二游错在哪里？,37234786
[热点事件] 其实我有一招可以帮助米哈游管控社区舆论,37234961
[热点事件]这波3000散解真没法洗了吧,37234987
[不吐不快] 一个差不多的例子水。大家都一样，怎么就你不能批评了呢,37235104
[不吐不快] 里茶近期活动一览,37235211
[不吐不快]话说，以后如果有原的本，男主角是不是……,37235232
[不吐不快]这是在干什么,37235274
[热点事件]米哈游他真的，太爱理查了，我哭死,37235439
[不吐不快]感觉尼姑庵变惹,37235475
[不吐不快] 本来以为原已经没救了,37235531
[不吐不快] 不懂就问，崩3的设计原不能直接拿来超吗？,37235591
[不吐不快]每日商单1/1,37235610
[不吐不快]叉老师写1.5万字长文时，对原神的爱可比散仙们深多了,37235662
[不吐不快]理查有因为水神所以还没退坑的吗,37235725
[不吐不快] 抖音播放量前十五角色,37235748
[不吐不快]又被口了4天 这下狠狠庆祝一下mhy整的大活,37235746
[不吐不快] 同为拉了巨量人垫的反派,37235798
[不吐不快] 怎么总有人给崩3的奥托招魂啊，散兵、奥托充其量是两坨纯度差别的谢特，多看点好的吧,37235782
[不吐不快]黑猫+吐舌头+垫一个成女是什么太子爆款吗,37235818
[不吐不快]要我说，可别小看了这1500-1800。。。,37235874
[热点事件]感觉mhy的舆论管控开始起效了啊。,37235932
[不吐不快]早就想说了，潭u为啥对游戏里的猫这么真情实感？,37235965
[热点事件]在里版新版本活动的时候，老版本活动还没结束,37236061
[不吐不快]话说如果有人顶着散草头像，潭友一般认为他是散厨还是散黑,37236089
[不吐不快] 瓜版确实该上点米哈游的黑料了,37236054
[不吐不快] 如果有人复仇散，会被草神寻仇吗？,37236153
[不吐不快]有端联想，mhy的剧情其实是这么写的吧,37236136
[不吐不快] 游戏葡萄的软文称，原神制作组至少有1000人,37236141
[热点事件] 咱们原神有这种二次元一点的联动吗,37235942
[不吐不快]感觉剧情给我的入脑都不如一个魔怔同人,37236166
[热点事件]感觉非常的有意义,37236530
[不吐不快]?猛干语录真好用啊,37236589
[热点事件]大家有朋友考出了无限电台执照吗？,37236578
[热点事件]对于枫丹，坛友分为乐观派与悲观派,37236629
[不吐不快]总感觉米家编剧的逼格和我们一般人认为的不同,37236732
[不吐不快]我记得法环不是日本做出来的吗,37236761
[不吐不快] 刷到这个视频一下子建模就顺眼了不少,37236780
[不吐不快]米游社怎么了，大本营里立敌大纛,37236852
[不吐不快]隔壁崩铁版是不是出现了不明生物,37236921
[热点事件] 半夜看到这张图给我笑清醒了,37237001
[不吐不快]须弥剧情的问题已经不是简单重写能解决的了,37237014
[不吐不快]说来原神还是个开放世界游戏吧,37237164
[不吐不快]知乎上某些生物是真的逆天,37237231
[热点事件] 如何评价游戏葡萄的新软文,37237177
[不吐不快]跳过剧情常品常新,37237334
[不吐不快] 理查一些老哥老姐也不用因为散解去红迪闹这事给自己太大的心理负担,37237364
[不吐不快]原毁于()，实毁于()，始毁于()怎么填空,37237064
[不吐不快][热点事件]叉佬的奖励金是7.31号发的，是不是表明了米忽悠要切割其他了？,37237454
[热点事件] 设圈是啥？,37237502
[不吐不快]小小创作者读了1.5w文后的一点感想,37237499
[抛砖引玉][不吐不快]看完悲惨世界，我联想到了散兵,37237511
[热点事件][热点事件]发现一个十分好玩的视频,37236602
[不吐不快]突然想前瞻直播时给叉老师引流,37237750
[热点事件]地狱叉老师这个事情我觉得影响不亚于Mr.猛干,37237767
[不吐不快]原来罪人舞步旋是枫丹的主题,37237823
[不吐不快]偶然发现理查，感觉回了老家,37235609
[不吐不快]不知道算不算乐子,37237933
[不吐不快] 说起广州未成年的瓜，广东省公办教师群里紧急发了个加强性教育的通知。,37237961
[不吐不快]有人急了，谁我不好说,37238019
[不吐不快]观贴吧某帖子有感，理查算不算同病相怜,37238093
[不吐不快]理查的大家算不算同病相怜,37238093
[不吐不快]观贴吧某贴，理查的大家算不算同病相怜,37238093
[不吐不快]8月的篮球抽出了迪希雅，于是突然产生一个疑问,37238159
[热点事件]想求证一下是不是真的？,37238173
[不吐不快]这也太逆天了吧,37238238
[不吐不快]前瞻 我最喜欢的黑丝小男孩,37238285
[不吐不快]原神现在的团队有1000人？,37238400
[不吐不快]此等良辰美景，适合回首过去,37238437
[不吐不快] 文案大概是对美强惨角色有些误解,37238528
[不吐不快] 感觉马哈鱼早就失去创造一个有血有肉的角色的能力了,37238537
[不吐不快] 突然對3.6激情問候文案家人的老哥感到可惜,37238565
[热点事件][热点事件][热点事件]开始反攻清算了啊,37238628
[不吐不快] 贷款氵假如散兵真回稻妻众人纷纷放下该怎么洗,37238675
[不吐不快] mhy是不是开始社区管理了,37238685
[不吐不快]来个赔典图楼,37238678
[不吐不快]各位能不能对“误入里版”的小伙伴更有攻击性一点啊,37238737
[不吐不快]说米忽悠想赚钱吧，这操作又不像,37238790
[不吐不快]有人知道第一个帖子还在不在吗,37238807
[不吐不快]来个散草99图楼,37238678
[热点事件]你板越来越像个二次元手游了,37238976
[不吐不快]听说李猛干是八重？,37239035
[不吐不快]还是很好奇米对赔宝的态度为啥这么坚决,37239049
[不吐不快]就爱看虚米版本男玩家为了草神斗的死去活来,37239070
[不吐不快] 散兵的剧情类似我们的仙侠小说里道祖随手点化生灵,37239023
[不吐不快]好怕啊，发一个锁一个,37239092
[不吐不快]瘤子池的流水后劲其实还挺强的,37239116
[不吐不快]mengan的言论让我想起了一个事情,37239349
[不吐不快]里版原神，启动！,37239296
[不吐不快] 这里不会真的还有人对崩铁文案和人物塑造自信满满的吧？,37239398
[不吐不快] [代发] 世界树正式公测,37239363
[热点事件][瓜小味甜] 红迪原神官频上辟谣zoefang的文章发不出去 / github备份已传网盘,37239508
[不吐不快]发一个价值三千块的表情包,37239583
[不吐不快]警惕插老师事件中的一些声音,37239587
[热点事件] 话说专业奖不是有四名吗，其他三篇能查到是什么吗？,37239651
[不吐不快] 里茶馆1.1版本更新公告,37239709
[不吐不快][热点事件]一种基于C罗模型的雷垫影理论,37239888
[不吐不快]米哈游又开始在文案里偷偷摸摸的恶心人了,37239877
[不吐不快] 原在b站买林尼的广告了,37239883
[热点事件]mhy，你超爱,37239882
[不吐不快]怎么每隔一段时间就有说想改改不了的,37239928
[不吐不快]又开始在文案里偷偷摸摸的恶心人了,37239877
[不吐不快]警惕叉老师事件中的一些声音,37239587
[热点事件]最新拙作，请大家点评,37240082
[不吐不快]这米游社原来还要强制更新,37240062
[不吐不快]大家有没有剧情实况up推荐哇,37240094
[热点事件]笑死，少年闯入猫的国度，最后发现最戳自己的是公猫,37240101
[不吐不快]唉，底层代码,37240260
[不吐不快]散厨疯狂强调散草亲情cp的样子真的好难蚌,37240359
[剧透预警] [不吐不快] 假编剧这几句话越看越乐,37240462
[热点事件]真就什么词都不带脑子直接用是吧,37240562
[热点事件]看来米哈游是真的只想要钱,37240609
[不吐不快]一边看不起理查，一边要在理查做舆论管控,37240679
[不吐不快] 社区管理原来是发少年和公猫啊,37240660
[不吐不快]明天前瞻，可能需要明确一件事情,37240650
[热点事件] 原神账号交易量是不是太大了点,37240722
[热点事件]有点好奇秋叶原4.0时代大牌子会是谁的,37240933
[不吐不快]理查还剩多少有“逆子”属性的m,37240898
[热点事件] 猛干对文案做出指示,37240985
[不吐不快]感觉枫丹原型法国估计也挺难崩的,37241017
[不吐不快]都要出新版本了，千万贺图呢？,37241198
[不吐不快]大司马视频的评论区是文学性最高的评论区,37241179
[不吐不快]我真的觉得原神ip部门那方面有问题,37241364
[不吐不快] 一想到纳西妲曾经强行掐断温迪电话，导致我看四神/五神同人图也挺难绷的,37241406
[不吐不快] 一想到纳西妲曾经强行掐断温迪电话，导致我初期看四神/五神同人图也挺难绷的,37241406
[热点事件]为什么公猫更有文学性?,37241312
[不吐不快] 一想到纳西妲曾经强行掐断温迪电话，导致我初期看四神同人图也挺难绷的,37241406
[热点事件]千万贺图,37241598
[热点事件]1000万贺图来了,37241592
[不吐不快]叉子拿钱这事怎么没见B站搬啊？,37241596
[不吐不快] 骗吃骗喝小助手提醒你 千万贺图已发,37241689
[热点事件]千万贺图来了,37241661
[热点事件]千万贺图为什么不是赔宝,37241721
[外服消息][热点事件]外服刚刚12点同时更新了神秘代码动态,37241695
[不吐不快] 我受不了了，已经连续三个版本推男同了,37241801
[不吐不快] [热点事件] 这个男猫贴贴最震撼我的不是“美丽猫”和“贴贴”，而是,37241864
[不吐不快] 文化输出水,37241803
[热点事件]今早发生了什么？,37241831
[不吐不快]暴论氵 感觉你米是在蹭鲳年而且不要脸硬蹭,37238208
[不吐不快] mhy员工不会是一群文科生吧,37242017
[热点事件][蒸汽鸟报]这是被夺舍了？,37242006
[不吐不快] 吾有三罪,37242147
[不吐不快]mhy真的正常文案不会写了？,37242168
[不吐不快] 你说的对，但猫为什么要做绝育,37242149
[热点事件] 最后发现是公猫，会不会是在暗示淋皇,37242251
[不吐不快]关于4.0，我有个问题,37242289
[不吐不快]神瞳的数量太阴间了,37242334
[热点事件][不吐不快]坏了，我本以为我出脑了,37242357
[不吐不快] 来学原神活动开场对话吧！,37242384
[热点事件]明天就是前瞻了,37242480
[不吐不快]买个热搜,37242471
[不吐不快]入夜狂飙，启动！,37242488
[不吐不快]怎么点一个锁一个,37242547
[热点事件]我的丁真图没了，诸君有什么头猪吗,37242535
[热点事件] 这是又被盗号了,37242576
[不吐不快]结合最近，总怀疑rykb可能是mhy自己造的逆天烂梗……,37242666
[不吐不快]更新公告呢？,37242748
[热点事件]散宝邀您回归畅游原神,37242777
[不吐不快]前面发了几个帖都被误解,37242782
[不吐不快]少年和美丽猫指的是？,37242809
[热点事件]少年和美丽猫，找到是谁了！,37242994
[游戏杂谈][不吐不快]长草期用脆弱树脂打低等级的角色的突破材料来拿蓝球加速常驻池出金划算吗,37243069
[不吐不快] 万一枫丹版本结束后，人气最高的是夏洛蒂那就搞笑了,37243111
[不吐不快]铁现在怎么样了？？,37243094
[不吐不快] 万一枫丹结束后，人气最高的是夏洛蒂那就搞笑了,37243111
[热点事件] 啊，你来真的啊?,37243149
[不吐不快] 啊？角色原型是这样的吗？！,37243166
[不吐不快]原来我18年就是猛干哥的粉丝了,37243154
[不吐不快]所以美丽猫是啥物种,37243064
[不吐不快][枫丹氵]再这样下去真的连枫丹地图都不想开了,37243494
[不吐不快]现在看这个镜头觉得越发讽刺,37243531
[不吐不快]大伙认为福利怎样才会好起来呢？,37243525
[热点事件]现在应该算“环B站差评”吧,37243646
[不吐不快] 世界树，启动!,37243480
[不吐不快]其实有一件事我有点搞不明白,37243620
[不吐不快]草帽杯开不开啊？官方带节奏是吧,37243675
[不吐不快]草帽杯开不开啊？带节奏是吧,37243675
[不吐不快][破事氵]须弥剧情不挖细节，纯体感，就是黑,37243781
[热点事件]你心阴到了,37243852
[热点事件]原来不是随便起的啊,37244057
[不吐不快]有一种春晚的感觉,37244166
[不吐不快]米哈游的游戏只配在手机里待3个月,37244333
[不吐不快]有没有人聊聊卡拉彼丘,37244373
[不吐不快]看到说mhy将会加强对社区舆论管理觉得可悲又可笑,37244372
[热点事件]接受不了1.5w长文的人，约等于接受不了任何批评,37244663
[不吐不快]仙的新奶嘴？,37244679
[不吐不快]里茶馆锁帖的标准是什么,37244678
[不吐不快]玩米游切忌投入感情,37244333
[热点事件]我一直以为贴贴是中文互联网自造的网络用语,37244869
[不吐不快]O到现在这样不是什么两头恰一般向的问题,37244867
[不吐不快]把魔神任务拿过来做捆绑是结晶新话术吗？,37244908
[不吐不快]4.0快来了，说说争议最大的散兵吧,37244964
[不吐不快]请问散兵流水是个什么水平？,37245015
[不吐不快]爆米3k后 我突然感觉看米滑跪也是颇有乐趣的事,37245150
[热点事件]这事落实的话以后舆论环境会发生什么变化呢,37245391
[不吐不快]总结一下我们为散兵取了多少亲切的称呼极其来源吧,37245420
[不吐不快] 就想问问当前原和铁实际流水到底是什么水平,37245573
[不吐不快]我在此提议，林尼和其他统一享受归途打码待遇,37245558
[热点事件]今天怎么这么多瘤子贴,37245682
[不吐不快]这就是米哈游的宣发吗，切身感受到了,37245736
[不吐不快]米哈游在管控言论之后,37245819
[不吐不快]为什么大家在理查发反对其他和腐的话题？,37245830
[不吐不快]不知道各位有没有看新活动的剧情呀,37245860
[不吐不快] 须弥南桐，当初是真没搞懂，主线结束为啥会蹦出来个舍友打情骂俏,37245904
[不吐不快]其实我一直很奇怪世界树设定的问题,37246006
[不吐不快]无聊氵，仅凭直觉，大家认为枫丹剧情有机会超越须弥吗,37245981
[不吐不快] 快4.0前瞻了，所以我能问为什么足迹pv里没有出现菲米尼么？,37246031
[不吐不快] 官方认证，这下真的4399了,37246049
[热点事件]其他复刻池在原神流水具体是排第几？,37246041
[不吐不快]这是又哪位部将,37246021
[不吐不快] 似乎有些人是靠心灵控制塔来统治国家的？,37246140
[不吐不快]不知道为啥我总有种预感，林公公的厨子会完全的超越之前的散姐在某场节奏中清算掉所有的厨子,37246145
[不吐不快]这保真吗,37246180
[不吐不快]zzz也是主要做“内容”而不是“玩法”的游戏吗,37246324
[热点事件]有没有大佬来换成宵宫啊,37246336
[不吐不快]预感枫丹的CP会很多,37246428
[不吐不快] 一个深渊主播在直播间问大家抽不抽黑丝小男孩，这是弹幕的回应,37246721
[不吐不快]散兵，归终，神子，卡维都可能是皮套，还有谁可能是皮套？,37246867
[热点事件]林尼x散兵的鬼文有无人写？,37246943
[不吐不快]魈多久没复刻了？有没有可能因为赔宝太拉了魈复刻带上甜妹？,37246931
[不吐不快] 有谁还记得以前内部爱的代名词吗,37247057
[不吐不快]为什么有人会不信米哈游做皮套角色呢,37247235
[不吐不快] 任何试图洗地散草剧情的都会遇到不可能三角吧,37247278
[不吐不快]不懂就问，咬一氪三是什么意思,37247298
[不吐不快]那个八重神子套皮的滑坡太可怕了，结合他自己的某个言论一想更可怕…,37247114
[不吐不快]林尼是刚设计出来的新角色吗？,37247382
[热点事件] 隔壁居然有人切瓜散兵了,37247408
[不吐不快]没想到我下回来原神的理由居然是,37247492
[热点事件] [赔解氵]ab被封号了,37247608
[不吐不快]mhy特有的支持引战对外下跪,37247800
[不吐不快]“沉默的大多数”“散兵散解万人嫌”,37247923
[不吐不快] 一想到散厨给散兵贡献的流水可能还没路人和现散黑多，就头大,37247988
[不吐不快] 大家好，我也曾三度遭遇背叛,37248029
[不吐不快] 社区舆论管控已经开始了,37248164
[不吐不快]一直很好奇为什么散u喜欢追着魈u咬,37248217
[不吐不快]当你想要嗑cp而无从下手，总会有人提供一些小小的帮助,37248300
[不吐不快][热点事件]我觉得目前经济情况可以解释原神现状,37248372
[不吐不快]来晚了，()解帖子刚看两页就隐了,37248402
[热点事件]我的乐子啊?,37248406
[热点事件]请破防小丑尽情在该贴评论区破防，我要看猴,37248420
[热点事件]想到一个成语“泼妇骂街”,37248417
[不吐不快]社区运营ch水平太差，新魔物-舆论指导团设计的不行，下次还填非常简单,37248344
[不吐不快] 看乐子看上头了，作个顺口溜乐一乐,37248457
[不吐不快]我的散草杯呢,37248467
[不吐不快]扭一扭,37248508
[热点事件]大伙以后还是悠着点吧,37248523
[热点事件]临睡觉了被背叛一次,37248581
[不吐不快]所谓双标,37248590
[不吐不快] 乐,37248568
[不吐不快] 新版本大活动 社区舆论管控 更新！,37248164
[不吐不快] 每次想用猛干哥的典都怕伤了贴主的心,37248614
[不吐不快]为什么米总能这样,37248667
[不吐不快]大声的喊出我们的口号,37248689
[不吐不快]你们说我把这个发到手综，能不能做到魔法对轰,37248735
[不吐不快]按这个逻辑，原神也是米哈游和腾讯共同开发的了,37247652
[不吐不快]赔解现在在流水楼,37248730
[不吐不快]新活动……猫……,37248787
[不吐不快]经过散解不懈努力，其他超抖音时间变为原来的两倍,37248823
[热点事件]发明了一个计算角色经济指数的公式,37248878
[不吐不快] 这到底是什麽视频,37248874
[热点事件] 喜报，3.8以后，孤散者涨了差不多10w播放量,37248964
[不吐不快] 都怪理查er,37248947
[热点事件]散兵和散厨的风评和路人缘是不是证道了？,37248971
[不吐不快]唉，使用率,37249001
[热点事件]高强度玩逆以后回头再看原的剧情和文案感觉就像屎,37248940
[热点事件]活动复刻，快去捕捉版宠,37249036
[不吐不快] 今日睡前被理查er背叛一次,37248947
[热点事件] 一波一波的野怪，都舍不得睡,37249062
[不吐不快]都知道赔钱货0h顶级了，那么怎么看各角色复刻当期持有率上涨和使用率？,37249052
[不吐不快]要是草厨也能像散解这么自信就好了,37249130
[不吐不快]崩不住了,37249165
[热点事件]这就是里茶的夏活吗,37249211
[不吐不快]按使用率来说的话，我心为啥当时一直有争议？,37249196
[热点事件]给大家整点实用表情包,37249232
[不吐不快][热点事件]抛开某些人死不愿意承认的超抖音0h，为什么散兵依旧是一个最大的赔钱货？,37249223
[不吐不快]好有味道的几句话,37249280
[不吐不快]25开香槟，真可怜,37249278
[热点事件]版宠倒了啊，快乐的时光怎么这么短暂啊,37249306
[不吐不快][不吐不快]你们说为啥编剧会这么菜呢,37249288
[不吐不快]差不多得了，把买号的钱给你推贡献流水不好吗？,37249345
[不吐不快]前瞻怎么还有这么久，急死了,37249352
[不吐不快]和散沾边的所有人都会变得不幸。,37248945
[不吐不快]其实原神还是蛮好玩的,37249401
[不吐不快]终于看懂了，她们哪儿是在意使用率啊,37249398
[不吐不快]大家还记得鹓鶵与鸱的故事吗,37249448
[不吐不快]烫烫的很安心,37249602
[不吐不快] 联动猛干语录相关,37249614
[不吐不快] 十常侍锐评()，狗卡你干的好啊,37249742
[热点事件] 今天才知道猛干哥的事迹，看完他的语录，我这么一个泛游戏爱好者、铁血强度党都被干沉默了……,37249841
[热点事件]我为什么期待枫丹？只因为这位3u对()的诚挚爱情,37249861
[热点事件]这使用率和持有率一出，0h已经没有攻击力了！,37249979
[不吐不快]泥潭广告是会投放的,37249998
[热点事件]最期待前瞻的一次,37250013
[不吐不快]草神剧情真的很完美,37250048
[不吐不快] 博德之门3，启动！,37250034
[不吐不快] 不要一棍子打死，有些黑丝小男孩还是可以的其实,37250105
[不吐不快]还得是你啊，猛干哥,37250113
[不吐不快] 不要一棍子打死，有个黑丝小男孩还是可以的其实,37250105
[不吐不快]散姐不那么跳是不是散兵风评会好很多,37250146
[不吐不快]浅谈史上最大东施效颦—原神3.3对fgo2.6的“致敬”,37250160
[不吐不快] 理查夏活好猛啊，一天一个新活动,37250166
[不吐不快] 建议每个月选两天作为()÷开放日,37250210
[不吐不快]小助手的榜真的权威吗？,37250221
[热点事件]嗅到某群体要用这期小助手榜做洗脑包的气息,37250217
[不吐不快] 这个评论区纯度好高,37250275
[不吐不快](乐子人水)关于逛nga不得不品鉴的每日任务,37250317
[热点事件]关于持有率和使用率给大家提个醒,37250357
[不吐不快] 厕所归厕所，这是散厨的官方认证,37250374
[不吐不快]自从在某乎吐槽了卡维剧情,37250386
[不吐不快] 刚刚才看到4.0的版本标题，想给mhy推荐一本书,37250466
[不吐不快]无限可分的散解,37250483
[不吐不快]关于这次的使用率问题，以及无限可分的散解,37250483
[不吐不快]关于这次的使用率问题，以及无限可分的散厨,37250483
[不吐不快] mhy做不好国风就不要做,37250558
[不吐不快]最恐怖的还是散解逆风输出能力,37250584
[不吐不快][清蒜时间]非小酋的抽取统计水分是不是有点大啊,37249655
[不吐不快] 仔细一想，提瓦特世界的法律没有规定神明不能随意杀人....散兵是无罪的！,37246804
[不吐不快] [娱乐向]疑似mxz黑化成米黑 全过程的最后独白,37246733
[不吐不快]深夜的噩梦,37250883
[不吐不快] 和解了，彻底和解了,37251073
[不吐不快]宵宫传说2那样的故事，是存货吗,37251110
[热点事件]某群体传统艺能,37251479
[热点事件] 去剑斗看散()打滚,37251488
[热点事件]我们仙er是这样的,37251479
[不吐不快]有时候看8U直抒胸臆还特么挺好笑的,37251793
[不吐不快]散兵使用率这么低，是因为技能机制上就有问题,37251837
[热点事件] 散厨爱的真的是散吗，我怎么觉得是爱理查的大伙呢,37251832
[不吐不快]这活动什么勾八公猫啊,37251809
